-- MySQL dump 10.13  Distrib 8.0.43, for Win64 (x86_64)
--
-- Host: localhost    Database: cricbuzz_livestats
-- ------------------------------------------------------
-- Server version	8.0.43

/*!40101 SET @OLD_CHARACTER_SET_CLIENT=@@CHARACTER_SET_CLIENT */;
/*!40101 SET @OLD_CHARACTER_SET_RESULTS=@@CHARACTER_SET_RESULTS */;
/*!40101 SET @OLD_COLLATION_CONNECTION=@@COLLATION_CONNECTION */;
/*!50503 SET NAMES utf8mb4 */;
/*!40103 SET @OLD_TIME_ZONE=@@TIME_ZONE */;
/*!40103 SET TIME_ZONE='+00:00' */;
/*!40014 SET @OLD_UNIQUE_CHECKS=@@UNIQUE_CHECKS, UNIQUE_CHECKS=0 */;
/*!40014 SET @OLD_FOREIGN_KEY_CHECKS=@@FOREIGN_KEY_CHECKS, FOREIGN_KEY_CHECKS=0 */;
/*!40101 SET @OLD_SQL_MODE=@@SQL_MODE, SQL_MODE='NO_AUTO_VALUE_ON_ZERO' */;
/*!40111 SET @OLD_SQL_NOTES=@@SQL_NOTES, SQL_NOTES=0 */;

--
-- Table structure for table `batsmen_scores`
--

DROP TABLE IF EXISTS `batsmen_scores`;
/*!40101 SET @saved_cs_client     = @@character_set_client */;
/*!50503 SET character_set_client = utf8mb4 */;
CREATE TABLE `batsmen_scores` (
  `id` bigint NOT NULL AUTO_INCREMENT,
  `match_id` bigint DEFAULT NULL,
  `innings_id` int DEFAULT NULL,
  `player_id` bigint DEFAULT NULL,
  `player_name` varchar(100) DEFAULT NULL,
  `runs` int DEFAULT NULL,
  PRIMARY KEY (`id`)
) ENGINE=InnoDB AUTO_INCREMENT=89 DEFAULT CHARSET=utf8mb4 COLLATE=utf8mb4_0900_ai_ci;
/*!40101 SET character_set_client = @saved_cs_client */;

--
-- Dumping data for table `batsmen_scores`
--

LOCK TABLES `batsmen_scores` WRITE;
/*!40000 ALTER TABLE `batsmen_scores` DISABLE KEYS */;
INSERT INTO `batsmen_scores` VALUES (1,105788,1,9582,'Markram',49),(2,105788,1,13070,'Rickelton',35),(3,105788,1,8583,'Bavuma',4),(4,105788,1,13089,'Breetzke',85),(5,105788,1,19243,'Stubbs',58),(6,105788,1,20538,'Dewald Brevis',42),(7,105788,1,9576,'Corbin Bosch',32),(8,105788,1,11432,'Senuran Muthusamy',7),(9,105788,1,9720,'Maharaj',1),(10,105788,1,13630,'Nandre Burger',0),(11,105788,1,9603,'Lungi Ngidi',0),(12,105788,2,13810,'Jamie Smith',0),(13,105788,2,8502,'Ben Duckett',14),(14,105788,2,8019,'Joe Root',61),(15,105788,2,19636,'Jacob Bethell',58),(16,105788,2,12201,'Harry Brook',33),(17,105788,2,2258,'Jos Buttler',61),(18,105788,2,12258,'Will Jacks',39),(19,105788,2,11436,'Brydon Carse',7),(20,105788,2,11540,'Jofra Archer',27),(21,105788,2,1742,'Adil Rashid',2),(22,105788,2,10394,'Saqib Mahmood',2),(23,105802,1,9582,'Markram',28),(24,105802,1,13070,'Rickelton',0),(25,105802,1,50545,'Lhuan-dre Pretorius',2),(26,105802,1,20538,'Dewald Brevis',23),(27,105802,1,14798,'Donovan Ferreira',25),(28,105802,1,19243,'Stubbs',13),(29,105802,1,14565,'Marco Jansen',1),(30,105802,1,9576,'Corbin Bosch',0),(31,105802,1,9585,'Rabada',0),(32,105802,1,23346,'Kwena Maphaka',0),(33,105802,1,8531,'Williams',0),(34,105802,2,10479,'Philip Salt',0),(35,105802,2,2258,'Jos Buttler',25),(36,105802,2,19636,'Jacob Bethell',7),(37,105802,2,12201,'Harry Brook',0),(38,105802,2,12254,'Tom Banton',5),(39,105802,2,12258,'Will Jacks',1),(40,105802,2,10420,'Sam Curran',10),(41,105802,2,8512,'Jamie Overton',0),(42,105802,2,6639,'Liam Dawson',0),(43,105802,2,9821,'Luke Wood',0),(44,105802,2,1742,'Adil Rashid',0),(45,116972,1,6250,'Mitchell Marsh',13),(46,116972,1,8497,'Head',2),(47,116972,1,10637,'Josh Inglis',0),(48,116972,1,12225,'Green',35),(49,116972,1,13169,'Tim David',83),(50,116972,1,18568,'Mitchell Owen',2),(51,116972,1,7662,'Maxwell',1),(52,116972,1,9739,'Dwarshuis',17),(53,116972,1,15480,'Nathan Ellis',12),(54,116972,1,8642,'Zampa',1),(55,116972,1,6258,'Hazlewood',0),(56,116972,2,9582,'Aiden Markram',12),(57,116972,2,13070,'Ryan Rickelton',71),(58,116972,2,50545,'Lhuan-dre Pretorius',14),(59,116972,2,20538,'Dewald Brevis',2),(60,116972,2,19243,'Tristan Stubbs',37),(61,116972,2,10187,'George Linde',0),(62,116972,2,9576,'Corbin Bosch',2),(63,116972,2,11432,'Senuran Muthusamy',0),(64,116972,2,9585,'Kagiso Rabada',10),(65,116972,2,23346,'Kwena Maphaka',3),(66,116972,2,9603,'Lungi Ngidi',0),(67,116990,1,9582,'Markram',1),(68,116990,1,13070,'Rickelton',13),(69,116990,1,50545,'Lhuan-dre Pretorius',24),(70,116990,1,20538,'Dewald Brevis',53),(71,116990,1,19243,'Stubbs',25),(72,116990,1,9554,'van der Dussen',38),(73,116990,1,9576,'Corbin Bosch',1),(74,116990,1,11432,'Senuran Muthusamy',9),(75,116990,1,9585,'Rabada',4),(76,116990,1,23346,'Kwena Maphaka',0),(77,116990,1,9603,'Lungi Ngidi',0),(78,116990,2,6250,'Mitchell Marsh',54),(79,116990,2,8497,'Travis Head',19),(80,116990,2,10637,'Josh Inglis',0),(81,116990,2,12225,'Cameron Green',9),(82,116990,2,13169,'Tim David',17),(83,116990,2,7662,'Glenn Maxwell',62),(84,116990,2,13170,'Aaron Hardie',1),(85,116990,2,9739,'Ben Dwarshuis',1),(86,116990,2,15480,'Nathan Ellis',0),(87,116990,2,8642,'Adam Zampa',0),(88,116990,2,6258,'Josh Hazlewood',0);
/*!40000 ALTER TABLE `batsmen_scores` ENABLE KEYS */;
UNLOCK TABLES;

--
-- Table structure for table `bowl_performance`
--

DROP TABLE IF EXISTS `bowl_performance`;
/*!40101 SET @saved_cs_client     = @@character_set_client */;
/*!50503 SET character_set_client = utf8mb4 */;
CREATE TABLE `bowl_performance` (
  `venue_name` text,
  `matches_played` int DEFAULT NULL,
  `economy` float DEFAULT NULL,
  `wickets_taken` int DEFAULT NULL,
  `player_name` text
) ENGINE=InnoDB DEFAULT CHARSET=utf8mb4 COLLATE=utf8mb4_0900_ai_ci;
/*!40101 SET character_set_client = @saved_cs_client */;

--
-- Dumping data for table `bowl_performance`
--

LOCK TABLES `bowl_performance` WRITE;
/*!40000 ALTER TABLE `bowl_performance` DISABLE KEYS */;
INSERT INTO `bowl_performance` VALUES ('Adelaide Oval',3,2.57,12,'Jasprit Bumrah'),('Melbourne Cricket Ground',3,2.68,24,'Jasprit Bumrah'),('Adelaide Oval',6,2.89,26,'Pat Cummins'),('Lord\'s',6,3.32,17,'Mark Wood');
/*!40000 ALTER TABLE `bowl_performance` ENABLE KEYS */;
UNLOCK TABLES;

--
-- Table structure for table `county_points_table`
--

DROP TABLE IF EXISTS `county_points_table`;
/*!40101 SET @saved_cs_client     = @@character_set_client */;
/*!50503 SET character_set_client = utf8mb4 */;
CREATE TABLE `county_points_table` (
  `team_name` varchar(255) DEFAULT NULL,
  `points` int DEFAULT NULL,
  `wins` int DEFAULT NULL,
  `losses` int DEFAULT NULL
) ENGINE=InnoDB DEFAULT CHARSET=utf8mb4 COLLATE=utf8mb4_0900_ai_ci;
/*!40101 SET character_set_client = @saved_cs_client */;

--
-- Dumping data for table `county_points_table`
--

LOCK TABLES `county_points_table` WRITE;
/*!40000 ALTER TABLE `county_points_table` DISABLE KEYS */;
INSERT INTO `county_points_table` VALUES ('Surrey',175,4,0),('Nottinghamshire',166,4,1),('Somerset',149,4,2),('Warwickshire',148,3,1),('Hampshire',129,2,2),('Sussex',127,3,4),('Yorkshire',126,3,4),('Essex',126,2,3),('Durham',114,2,5),('Worcestershire',89,1,6);
/*!40000 ALTER TABLE `county_points_table` ENABLE KEYS */;
UNLOCK TABLES;

--
-- Table structure for table `crud_player_info`
--

DROP TABLE IF EXISTS `crud_player_info`;
/*!40101 SET @saved_cs_client     = @@character_set_client */;
/*!50503 SET character_set_client = utf8mb4 */;
CREATE TABLE `crud_player_info` (
  `player_id` int NOT NULL,
  `player_name` text,
  `player_country` text,
  `player_role` text,
  `matches_played` int DEFAULT NULL,
  `runs_scored` int DEFAULT NULL,
  `wickets_taken` int DEFAULT NULL,
  PRIMARY KEY (`player_id`)
) ENGINE=InnoDB DEFAULT CHARSET=utf8mb4 COLLATE=utf8mb4_0900_ai_ci;
/*!40101 SET character_set_client = @saved_cs_client */;

--
-- Dumping data for table `crud_player_info`
--

LOCK TABLES `crud_player_info` WRITE;
/*!40000 ALTER TABLE `crud_player_info` DISABLE KEYS */;
INSERT INTO `crud_player_info` VALUES (1,'Irfan','India','All-Rounder',125,5625,218);
/*!40000 ALTER TABLE `crud_player_info` ENABLE KEYS */;
UNLOCK TABLES;

--
-- Table structure for table `highest_score`
--

DROP TABLE IF EXISTS `highest_score`;
/*!40101 SET @saved_cs_client     = @@character_set_client */;
/*!50503 SET character_set_client = utf8mb4 */;
CREATE TABLE `highest_score` (
  `match_format` text,
  `highest_score` int DEFAULT NULL,
  `name` text
) ENGINE=InnoDB DEFAULT CHARSET=utf8mb4 COLLATE=utf8mb4_0900_ai_ci;
/*!40101 SET character_set_client = @saved_cs_client */;

--
-- Dumping data for table `highest_score`
--

LOCK TABLES `highest_score` WRITE;
/*!40000 ALTER TABLE `highest_score` DISABLE KEYS */;
INSERT INTO `highest_score` VALUES ('ODI',264,'Rohit'),('Test',400,'B Lara'),('T20',172,'Finch');
/*!40000 ALTER TABLE `highest_score` ENABLE KEYS */;
UNLOCK TABLES;

--
-- Table structure for table `hundreds`
--

DROP TABLE IF EXISTS `hundreds`;
/*!40101 SET @saved_cs_client     = @@character_set_client */;
/*!50503 SET character_set_client = utf8mb4 */;
CREATE TABLE `hundreds` (
  `id` int NOT NULL,
  `name` text,
  `odi_hundreds` int DEFAULT NULL,
  PRIMARY KEY (`id`)
) ENGINE=InnoDB DEFAULT CHARSET=utf8mb4 COLLATE=utf8mb4_0900_ai_ci;
/*!40101 SET character_set_client = @saved_cs_client */;

--
-- Dumping data for table `hundreds`
--

LOCK TABLES `hundreds` WRITE;
/*!40000 ALTER TABLE `hundreds` DISABLE KEYS */;
INSERT INTO `hundreds` VALUES (25,'Tendulkar',49),(29,'S Ganguly',22),(35,'Inzamam-ul-Haq',10),(38,'R Ponting',30),(101,'Mahela',19),(102,'S Jayasuriya',28),(104,'Sangakkara',25),(105,'Dilshan',22),(212,'H Gibbs',21),(213,'Kallis',17),(240,'B Lara',19),(247,'Gayle',25),(314,'Amla',27),(370,'de Villiers',25),(521,'Ross Taylor',21),(576,'Rohit',32),(1413,'Kohli',51),(1739,'Warner',22),(3703,'S Anwar',20),(8019,'Root',19),(8359,'Babar Azam',19),(8520,'de Kock',21);
/*!40000 ALTER TABLE `hundreds` ENABLE KEYS */;
UNLOCK TABLES;

--
-- Table structure for table `indian_players`
--

DROP TABLE IF EXISTS `indian_players`;
/*!40101 SET @saved_cs_client     = @@character_set_client */;
/*!50503 SET character_set_client = utf8mb4 */;
CREATE TABLE `indian_players` (
  `id` int NOT NULL,
  `name` text,
  `role` text,
  `battingStyle` text,
  `bowlingStyle` text,
  PRIMARY KEY (`id`)
) ENGINE=InnoDB DEFAULT CHARSET=utf8mb4 COLLATE=utf8mb4_0900_ai_ci;
/*!40101 SET character_set_client = @saved_cs_client */;

--
-- Dumping data for table `indian_players`
--

LOCK TABLES `indian_players` WRITE;
/*!40000 ALTER TABLE `indian_players` DISABLE KEYS */;
INSERT INTO `indian_players` VALUES (576,'Rohit Sharma','BATSMEN','Right-hand bat','Right-arm offbreak'),(587,'Ravindra Jadeja','ALL ROUNDER','Left-hand bat','Left-arm orthodox'),(1413,'Virat Kohli','BATSMEN','Right-hand bat','Right-arm medium'),(7915,'Suryakumar Yadav','BATSMEN','Right-hand bat','Right-arm offbreak'),(8257,'Karun Nair','BATSMEN','Right-hand bat','Right-arm offbreak'),(8271,'Sanju Samson','WICKET KEEPER','Right-hand bat',NULL),(8292,'Kuldeep Yadav','BOWLER','Left-hand bat','Left-arm wrist-spin'),(8683,'Shardul Thakur','ALL ROUNDER','Right-hand bat','Right-arm fast-medium'),(8733,'KL Rahul','WICKET KEEPER','Right-hand bat',NULL),(8808,'Axar Patel','ALL ROUNDER','Left-hand bat','Left-arm orthodox'),(9311,'Jasprit Bumrah','BOWLER','Right-hand bat','Right-arm fast'),(9428,'Shreyas Iyer','BATSMEN','Right-hand bat','Right-arm legbreak'),(9429,'Sarfaraz Khan','BATSMEN','Right-hand bat','Right-arm legbreak'),(9647,'Hardik Pandya','ALL ROUNDER','Right-hand bat','Right-arm fast-medium'),(9716,'Abhimanyu Easwaran','BATSMEN','Right-hand bat','Right-arm legbreak'),(10276,'Ishan Kishan','WICKET KEEPER','Left-hand bat',NULL),(10551,'Prasidh Krishna','BOWLER','Right-hand bat','Right-arm fast'),(10636,'Rajat Patidar','BATSMEN','Right-hand bat','Right-arm offbreak'),(10744,'Rishabh Pant','WICKET KEEPER','Left-hand bat',NULL),(10754,'Mukesh Kumar','BOWLER','Right-hand bat','Right-arm fast-medium'),(10808,'Mohammed Siraj','BOWLER','Right-hand bat','Right-arm fast'),(10896,'Rinku Singh','BATSMEN','Left-hand bat','Right-arm offbreak'),(10945,'Washington Sundar','ALL ROUNDER','Left-hand bat','Right-arm offbreak'),(11195,'Shivam Dube','ALL ROUNDER','Left-hand bat','Right-arm medium'),(11808,'Shubman Gill','BATSMEN','Right-hand bat','Right-arm offbreak'),(11813,'Ruturaj Gaikwad','BATSMEN','Right-hand bat','Right-arm offbreak'),(12086,'Abhishek Sharma','ALL ROUNDER','Left-hand bat','Left-arm orthodox'),(12926,'Varun Chakaravarthy','BOWLER','Right-hand bat','Right-arm legbreak'),(13217,'Arshdeep Singh','BOWLER','Left-hand bat','Left-arm fast-medium'),(13866,'Sai Sudharsan','BATSMEN','Left-hand bat','Right-arm legbreak'),(13940,'Yashasvi Jaiswal','BATSMEN','Left-hand bat','Right-arm legbreak'),(14504,'Tilak Varma','BATSMEN','Left-hand bat','Right-arm offbreak'),(14659,'Ravi Bishnoi','BOWLER','Right-hand bat','Right-arm legbreak'),(14691,'Dhruv Jurel','WICKET KEEPER','Right-hand bat',NULL),(14701,'Nitish Kumar Reddy','ALL ROUNDER','Right-hand bat','Right-arm fast-medium'),(14726,'Akash Deep','BOWLER','Right-hand bat','Right-arm fast-medium'),(24729,'Harshit Rana','BOWLER','Right-hand bat','Right-arm fast-medium');
/*!40000 ALTER TABLE `indian_players` ENABLE KEYS */;
UNLOCK TABLES;

--
-- Table structure for table `matches`
--

DROP TABLE IF EXISTS `matches`;
/*!40101 SET @saved_cs_client     = @@character_set_client */;
/*!50503 SET character_set_client = utf8mb4 */;
CREATE TABLE `matches` (
  `match_id` bigint NOT NULL,
  `series_id` bigint DEFAULT NULL,
  `series_name` varchar(255) DEFAULT NULL,
  `match_desc` varchar(50) DEFAULT NULL,
  `match_format` varchar(20) DEFAULT NULL,
  `start_date` bigint DEFAULT NULL,
  `end_date` bigint DEFAULT NULL,
  `state` varchar(50) DEFAULT NULL,
  `status` varchar(255) DEFAULT NULL,
  `team1_id` bigint DEFAULT NULL,
  `team1_name` varchar(100) DEFAULT NULL,
  `team1_sname` varchar(10) DEFAULT NULL,
  `team2_id` bigint DEFAULT NULL,
  `team2_name` varchar(100) DEFAULT NULL,
  `team2_sname` varchar(10) DEFAULT NULL,
  `venue_id` bigint DEFAULT NULL,
  `ground` varchar(100) DEFAULT NULL,
  `city` varchar(100) DEFAULT NULL,
  `timezone` varchar(10) DEFAULT NULL,
  `team1_runs` int DEFAULT NULL,
  `team1_wkts` int DEFAULT NULL,
  `team1_overs` decimal(4,1) DEFAULT NULL,
  `team2_runs` int DEFAULT NULL,
  `team2_wkts` int DEFAULT NULL,
  `team2_overs` decimal(4,1) DEFAULT NULL,
  `winner` text,
  `toss` text,
  `toss_descision` text,
  PRIMARY KEY (`match_id`)
) ENGINE=InnoDB DEFAULT CHARSET=utf8mb4 COLLATE=utf8mb4_0900_ai_ci;
/*!40101 SET character_set_client = @saved_cs_client */;

--
-- Dumping data for table `matches`
--

LOCK TABLES `matches` WRITE;
/*!40000 ALTER TABLE `matches` DISABLE KEYS */;
INSERT INTO `matches` VALUES (105786,8788,'South Africa tour of England, 2025','1st ODI','ODI',1756814400000,1756843200000,'Complete','South Africa won by 7 wkts',9,'England','ENG',11,'South Africa','RSA',66,'Headingley','Leeds','+01:00',131,10,24.3,137,3,20.5,'South Africa','South Africa','Bat'),(105788,8788,'South Africa tour of England, 2025','2nd ODI','ODI',1756987200000,1757016000000,'Complete','South Africa won by 5 runs',11,'South Africa','RSA',9,'England','ENG',19,'Lord\'s','London','+01:00',330,8,50.0,325,9,50.0,'South Africa','England','Bat'),(105794,8788,'South Africa tour of England, 2025','3rd ODI','ODI',1757239200000,1757268000000,'Complete','England won by 342 runs',9,'England','ENG',11,'South Africa','RSA',21,'The Rose Bowl','Southampton','+01:00',414,5,50.0,72,10,20.5,'England','South Africa','Bat'),(105802,8788,'South Africa tour of England, 2025','1st T20I','T20',1757525400000,1757538000000,'Complete','South Africa won by 14 runs (DLS Method)',11,'South Africa','RSA',9,'England','ENG',62,'Sophia Gardens','Cardiff','+01:00',97,5,7.5,54,5,5.0,'South Africa','England','Bowl'),(105804,8788,'South Africa tour of England, 2025','2nd T20I','T20',1757698200000,1757710800000,'Upcoming','Match starts at Sep 12, 17:30 GMT',9,'England','ENG',11,'South Africa','RSA',65,'Emirates Old Trafford','Manchester','+01:00',NULL,NULL,NULL,NULL,NULL,NULL,'South Africa','South Africa','Bat'),(105812,8788,'South Africa tour of England, 2025','3rd T20I','T20',1757856600000,1757869200000,'Upcoming','Match starts at Sep 14, 13:30 GMT',9,'England','ENG',11,'South Africa','RSA',18,'Trent Bridge','Nottingham','+01:00',NULL,NULL,NULL,NULL,NULL,NULL,'England','England','Bowl'),(116972,9602,'South Africa tour of Australia, 2025','1st T20I','T20',1754817300000,1754817300000,'complete','Australia won by 17 runs',4,'AUSTRALIA','AUS',11,'SOUTH AFRICA','RSA',30,'Marrara Cricket Ground','Darwin','+09:30',178,10,20.0,161,9,20.0,'Australia','South Africa','Bowl'),(116981,9602,'South Africa tour of Australia, 2025','2nd T20I ','T20',1754990100000,1754990100000,'complete','South Africa won by 53 runs',4,'AUSTRALIA','AUS',11,'SOUTH AFRICA','RSA',30,'Marrara Cricket Ground','Darwin','+09:30',165,10,17.4,218,7,20.0,'South Africa','Australia','Bat'),(116990,9602,'South Africa tour of Australia, 2025','3rd T20I','T20',1755335700000,1755335700000,'complete','Australia won by 2 wkts',4,'AUSTRALIA','AUS',11,'SOUTH AFRICA','RSA',30,'Cazaly\'s Stadium','Cairns','+10:00',173,8,19.5,172,7,20.0,'Australia','Australia','Bat'),(117008,9602,'South Africa tour of Australia, 2025','1st ODI','ODI',1755577800000,1755577800000,'complete','South Africa won by 98 runs',4,'AUSTRALIA','AUS',11,'SOUTH AFRICA','RSA',30,'Cazaly\'s Stadium','Cairns','+10:00',198,10,40.5,296,8,50.0,'South Africa','Australia','Bat'),(117017,9602,'South Africa tour of Australia, 2025','2nd ODI','ODI',1755837000000,1755837000000,'complete','South Africa won by 84 runs',4,'AUSTRALIA','AUS',11,'SOUTH AFRICA','RSA',30,'Great Barrier Reef Arena','Mackay','+10:00',193,10,37.4,277,10,49.1,'South Africa','South Africa','Bowl'),(117020,9602,'South Africa tour of Australia, 2025','3rd ODI','ODI',1756009800000,1756009800000,'complete','Australia won by 276 runs',4,'AUSTRALIA','AUS',11,'SOUTH AFRICA','RSA',30,'Great Barrier Reef Arena','Mackay','+10:00',431,2,50.0,155,10,24.5,'Australia','Australia','Bat');
/*!40000 ALTER TABLE `matches` ENABLE KEYS */;
UNLOCK TABLES;

--
-- Table structure for table `partnerships`
--

DROP TABLE IF EXISTS `partnerships`;
/*!40101 SET @saved_cs_client     = @@character_set_client */;
/*!50503 SET character_set_client = utf8mb4 */;
CREATE TABLE `partnerships` (
  `id` bigint NOT NULL AUTO_INCREMENT,
  `match_id` bigint DEFAULT NULL,
  `series_name` varchar(255) DEFAULT NULL,
  `match_desc` varchar(100) DEFAULT NULL,
  `innings_id` int DEFAULT NULL,
  `batsman1` varchar(100) DEFAULT NULL,
  `batsman2` varchar(100) DEFAULT NULL,
  `partnership_runs` int DEFAULT NULL,
  PRIMARY KEY (`id`)
) ENGINE=InnoDB AUTO_INCREMENT=136 DEFAULT CHARSET=utf8mb4 COLLATE=utf8mb4_0900_ai_ci;
/*!40101 SET character_set_client = @saved_cs_client */;

--
-- Dumping data for table `partnerships`
--

LOCK TABLES `partnerships` WRITE;
/*!40000 ALTER TABLE `partnerships` DISABLE KEYS */;
INSERT INTO `partnerships` VALUES (1,105762,'India tour of England, 2025','1st Test',1,'Gill','Jaiswal',129),(2,105762,'India tour of England, 2025','1st Test',1,'Gill','Pant',209),(3,105762,'India tour of England, 2025','1st Test',2,'Pope','Duckett',122),(4,105762,'India tour of England, 2025','1st Test',3,'Pant','Rahul',195),(5,105762,'India tour of England, 2025','1st Test',4,'Crawley','Duckett',188),(6,105770,'India tour of England, 2025','2nd Test',1,'Jadeja','Gill',203),(7,105770,'India tour of England, 2025','2nd Test',1,'Washington Sundar','Gill',144),(8,105770,'India tour of England, 2025','2nd Test',2,'Brook','Jamie Smith',303),(9,105770,'India tour of England, 2025','2nd Test',3,'Gill','Pant',110),(10,105770,'India tour of England, 2025','2nd Test',3,'Gill','Jadeja',175),(11,105772,'India tour of England, 2025','3rd Test',1,'Root','Pope',109),(12,105772,'India tour of England, 2025','3rd Test',2,'Pant','Rahul',141),(13,105778,'India tour of England, 2025','4th Test',2,'Crawley','Duckett',166),(14,105778,'India tour of England, 2025','4th Test',2,'Pope','Root',144),(15,105778,'India tour of England, 2025','4th Test',2,'Stokes','Root',142),(16,105778,'India tour of England, 2025','4th Test',3,'Gill','Rahul',188),(17,105778,'India tour of England, 2025','4th Test',3,'Jadeja','Washington Sundar',203),(18,105780,'India tour of England, 2025','5th Test',3,'Jaiswal','Akash Deep',107),(19,105780,'India tour of England, 2025','5th Test',4,'Brook','Root',195),(20,105780,'India tour of England, 2025','5th Test',1,'Jaiswal','Rahul',10),(21,105780,'India tour of England, 2025','5th Test',1,'Sai Sudharsan','Rahul',28),(22,105780,'India tour of England, 2025','5th Test',1,'Sai Sudharsan','Gill',45),(23,105780,'India tour of England, 2025','5th Test',1,'Sai Sudharsan','Karun Nair',18),(24,105780,'India tour of England, 2025','5th Test',1,'Jadeja','Karun Nair',22),(25,105780,'India tour of England, 2025','5th Test',1,'Dhruv Jurel','Karun Nair',30),(26,105780,'India tour of England, 2025','5th Test',1,'Washington Sundar','Karun Nair',65),(27,105780,'India tour of England, 2025','5th Test',1,'Washington Sundar','Akash Deep',2),(28,105780,'India tour of England, 2025','5th Test',1,'Siraj','Akash Deep',4),(29,105780,'India tour of England, 2025','5th Test',1,'Prasidh','Akash Deep',0),(30,105780,'India tour of England, 2025','5th Test',2,'Crawley','Duckett',92),(31,105780,'India tour of England, 2025','5th Test',2,'Crawley','Pope',37),(32,105780,'India tour of England, 2025','5th Test',2,'Root','Pope',13),(33,105780,'India tour of England, 2025','5th Test',2,'Root','Brook',33),(34,105780,'India tour of England, 2025','5th Test',2,'Jacob Bethell','Brook',20),(35,105780,'India tour of England, 2025','5th Test',2,'Jamie Smith','Brook',20),(36,105780,'India tour of England, 2025','5th Test',2,'Jamie Overton','Brook',0),(37,105780,'India tour of England, 2025','5th Test',2,'Atkinson','Brook',20),(38,105780,'India tour of England, 2025','5th Test',2,'Tongue','Brook',12),(39,105780,'India tour of England, 2025','5th Test',3,'Jaiswal','Rahul',46),(40,105780,'India tour of England, 2025','5th Test',3,'Jaiswal','Sai Sudharsan',24),(42,105780,'India tour of England, 2025','5th Test',3,'Jaiswal','Gill',12),(43,105780,'India tour of England, 2025','5th Test',3,'Jaiswal','Karun Nair',40),(44,105780,'India tour of England, 2025','5th Test',3,'Jaiswal','Jadeja',44),(45,105780,'India tour of England, 2025','5th Test',3,'Dhruv Jurel','Jadeja',50),(46,105780,'India tour of England, 2025','5th Test',3,'Washington Sundar','Jadeja',34),(47,105780,'India tour of England, 2025','5th Test',3,'Washington Sundar','Siraj',0),(48,105780,'India tour of England, 2025','5th Test',3,'Washington Sundar','Prasidh',39),(49,105780,'India tour of England, 2025','5th Test',4,'Crawley','Duckett',50),(50,105780,'India tour of England, 2025','5th Test',4,'Pope','Duckett',32),(51,105780,'India tour of England, 2025','5th Test',4,'Pope','Root',24),(53,105780,'India tour of England, 2025','5th Test',4,'Jacob Bethell','Root',31),(54,105780,'India tour of England, 2025','5th Test',4,'Jamie Smith','Root',5),(55,105780,'India tour of England, 2025','5th Test',4,'Jamie Smith','Jamie Overton',10),(56,105780,'India tour of England, 2025','5th Test',4,'Atkinson','Jamie Overton',7),(57,105780,'India tour of England, 2025','5th Test',4,'Atkinson','Tongue',3),(58,105780,'India tour of England, 2025','5th Test',4,'Atkinson','Woakes',10),(59,105772,'India tour of England, 2025','3rd Test',1,'Crawley','Duckett',43),(60,105772,'India tour of England, 2025','3rd Test',1,'Crawley','Pope',1),(62,105772,'India tour of England, 2025','3rd Test',1,'Root','Brook',19),(63,105772,'India tour of England, 2025','3rd Test',1,'Root','Stokes',88),(64,105772,'India tour of England, 2025','3rd Test',1,'Root','Jamie Smith',11),(65,105772,'India tour of England, 2025','3rd Test',1,'Woakes','Jamie Smith',0),(66,105772,'India tour of England, 2025','3rd Test',1,'Brydon Carse','Jamie Smith',84),(67,105772,'India tour of England, 2025','3rd Test',1,'Brydon Carse','Jofra Archer',15),(68,105772,'India tour of England, 2025','3rd Test',1,'Brydon Carse','Bashir',17),(69,105772,'India tour of England, 2025','3rd Test',2,'Jaiswal','Rahul',13),(70,105772,'India tour of England, 2025','3rd Test',2,'Karun Nair','Rahul',61),(71,105772,'India tour of England, 2025','3rd Test',2,'Gill','Rahul',33),(73,105772,'India tour of England, 2025','3rd Test',2,'Jadeja','Rahul',6),(74,105772,'India tour of England, 2025','3rd Test',2,'Jadeja','Nitish Reddy',72),(75,105772,'India tour of England, 2025','3rd Test',2,'Jadeja','Washington Sundar',50),(76,105772,'India tour of England, 2025','3rd Test',2,'Akash Deep','Washington Sundar',9),(77,105772,'India tour of England, 2025','3rd Test',2,'Bumrah','Washington Sundar',2),(78,105772,'India tour of England, 2025','3rd Test',2,'Siraj','Washington Sundar',0),(79,105772,'India tour of England, 2025','3rd Test',3,'Crawley','Duckett',22),(80,105772,'India tour of England, 2025','3rd Test',3,'Crawley','Pope',20),(81,105772,'India tour of England, 2025','3rd Test',3,'Crawley','Root',8),(82,105772,'India tour of England, 2025','3rd Test',3,'Brook','Root',37),(83,105772,'India tour of England, 2025','3rd Test',3,'Stokes','Root',67),(84,105772,'India tour of England, 2025','3rd Test',3,'Stokes','Jamie Smith',10),(85,105772,'India tour of England, 2025','3rd Test',3,'Stokes','Woakes',17),(86,105772,'India tour of England, 2025','3rd Test',3,'Brydon Carse','Woakes',1),(87,105772,'India tour of England, 2025','3rd Test',3,'Jofra Archer','Woakes',3),(88,105772,'India tour of England, 2025','3rd Test',3,'Jofra Archer','Bashir',7),(89,105772,'India tour of England, 2025','3rd Test',4,'Jaiswal','Rahul',5),(90,105772,'India tour of England, 2025','3rd Test',4,'Karun Nair','Rahul',36),(91,105772,'India tour of England, 2025','3rd Test',4,'Gill','Rahul',12),(92,105772,'India tour of England, 2025','3rd Test',4,'Akash Deep','Rahul',5),(93,105772,'India tour of England, 2025','3rd Test',4,'Pant','Rahul',13),(94,105772,'India tour of England, 2025','3rd Test',4,'Jadeja','Rahul',10),(95,105772,'India tour of England, 2025','3rd Test',4,'Jadeja','Washington Sundar',1),(96,105772,'India tour of England, 2025','3rd Test',4,'Jadeja','Nitish Reddy',30),(97,105772,'India tour of England, 2025','3rd Test',4,'Jadeja','Bumrah',35),(98,105772,'India tour of England, 2025','3rd Test',4,'Jadeja','Siraj',23),(99,105770,'India tour of England, 2025','2nd Test',1,'Jaiswal','Rahul',15),(100,105770,'India tour of England, 2025','2nd Test',1,'Jaiswal','Karun Nair',80),(101,105770,'India tour of England, 2025','2nd Test',1,'Jaiswal','Gill',66),(102,105770,'India tour of England, 2025','2nd Test',1,'Pant','Gill',47),(103,105770,'India tour of England, 2025','2nd Test',1,'Nitish Reddy','Gill',3),(106,105770,'India tour of England, 2025','2nd Test',1,'Akash Deep','Gill',16),(107,105770,'India tour of England, 2025','2nd Test',1,'Akash Deep','Siraj',0),(108,105770,'India tour of England, 2025','2nd Test',1,'Prasidh','Siraj',13),(109,105770,'India tour of England, 2025','2nd Test',2,'Crawley','Duckett',13),(110,105770,'India tour of England, 2025','2nd Test',2,'Crawley','Pope',0),(111,105770,'India tour of England, 2025','2nd Test',2,'Crawley','Root',12),(112,105770,'India tour of England, 2025','2nd Test',2,'Brook','Root',59),(113,105770,'India tour of England, 2025','2nd Test',2,'Brook','Stokes',0),(115,105770,'India tour of England, 2025','2nd Test',2,'Woakes','Jamie Smith',8),(116,105770,'India tour of England, 2025','2nd Test',2,'Brydon Carse','Jamie Smith',1),(117,105770,'India tour of England, 2025','2nd Test',2,'Tongue','Jamie Smith',11),(118,105770,'India tour of England, 2025','2nd Test',2,'Bashir','Jamie Smith',0),(119,105770,'India tour of England, 2025','2nd Test',3,'Jaiswal','Rahul',51),(120,105770,'India tour of England, 2025','2nd Test',3,'Karun Nair','Rahul',45),(121,105770,'India tour of England, 2025','2nd Test',3,'Gill','Rahul',30),(124,105770,'India tour of England, 2025','2nd Test',3,'Nitish Reddy','Jadeja',1),(125,105770,'India tour of England, 2025','2nd Test',3,'Washington Sundar','Jadeja',15),(126,105770,'India tour of England, 2025','2nd Test',4,'Crawley','Duckett',11),(127,105770,'India tour of England, 2025','2nd Test',4,'Pope','Duckett',19),(128,105770,'India tour of England, 2025','2nd Test',4,'Pope','Root',20),(129,105770,'India tour of England, 2025','2nd Test',4,'Pope','Brook',30),(130,105770,'India tour of England, 2025','2nd Test',4,'Stokes','Brook',3),(131,105770,'India tour of England, 2025','2nd Test',4,'Stokes','Jamie Smith',70),(132,105770,'India tour of England, 2025','2nd Test',4,'Woakes','Jamie Smith',46),(133,105770,'India tour of England, 2025','2nd Test',4,'Brydon Carse','Jamie Smith',27),(134,105770,'India tour of England, 2025','2nd Test',4,'Brydon Carse','Tongue',20),(135,105770,'India tour of England, 2025','2nd Test',4,'Brydon Carse','Bashir',25);
/*!40000 ALTER TABLE `partnerships` ENABLE KEYS */;
UNLOCK TABLES;

--
-- Table structure for table `players`
--

DROP TABLE IF EXISTS `players`;
/*!40101 SET @saved_cs_client     = @@character_set_client */;
/*!50503 SET character_set_client = utf8mb4 */;
CREATE TABLE `players` (
  `id` int NOT NULL,
  `name` varchar(100) DEFAULT NULL,
  `battingStyle` varchar(50) DEFAULT NULL,
  `bowlingStyle` varchar(50) DEFAULT NULL,
  `role` varchar(30) DEFAULT NULL,
  PRIMARY KEY (`id`)
) ENGINE=InnoDB DEFAULT CHARSET=utf8mb4 COLLATE=utf8mb4_0900_ai_ci;
/*!40101 SET character_set_client = @saved_cs_client */;

--
-- Dumping data for table `players`
--

LOCK TABLES `players` WRITE;
/*!40000 ALTER TABLE `players` DISABLE KEYS */;
INSERT INTO `players` VALUES (576,'Rohit Sharma','Right-hand bat','Right-arm offbreak','BATSMEN'),(587,'Ravindra Jadeja','Left-hand bat','Left-arm orthodox','ALL ROUNDER'),(1413,'Virat Kohli','Right-hand bat','Right-arm medium','BATSMEN'),(1742,'Adil Rashid','Right-hand bat','Right-arm legbreak','BOWLER'),(2250,'Steven Smith','Right-hand bat','Right-arm legbreak','BATSMEN'),(2258,'Jos Buttler','Right-hand bat',NULL,'WICKET KEEPER'),(6250,'Mitchell Marsh','Right-hand bat','Right-arm fast-medium','ALL ROUNDER'),(6258,'Josh Hazlewood','Left-hand bat','Right-arm fast-medium','BOWLER'),(6507,'Jonny Bairstow','Right-hand bat','Right-arm medium','WICKET KEEPER'),(6557,'Ben Stokes','Left-hand bat','Right-arm fast-medium','ALL ROUNDER'),(6635,'Usman Khawaja','Left-hand bat','Right-arm offbreak','BATSMEN'),(6670,'Chris Woakes','Right-hand bat','Right-arm fast-medium','ALL ROUNDER'),(7662,'Glenn Maxwell','Right-hand bat','Right-arm offbreak','ALL ROUNDER'),(7710,'Mitchell Starc','Left-hand bat','Left-arm fast','BOWLER'),(7850,'Nathan Lyon','Right-hand bat','Right-arm offbreak','BOWLER'),(7915,'Suryakumar Yadav','Right-hand bat','Right-arm offbreak','BATSMEN'),(8019,'Joe Root','Right-hand bat','Right-arm offbreak','BATSMEN'),(8022,'Olly Stone','Right-hand bat','Right-arm fast','BOWLER'),(8095,'Pat Cummins','Right-hand bat','Right-arm fast','BOWLER'),(8136,'Sean Abbott','Right-hand bat','Right-arm fast-medium','BOWLER'),(8257,'Karun Nair','Right-hand bat','Right-arm offbreak','BATSMEN'),(8271,'Sanju Samson','Right-hand bat',NULL,'WICKET KEEPER'),(8292,'Kuldeep Yadav','Left-hand bat','Left-arm wrist-spin','BOWLER'),(8349,'Reece Topley','Right-hand bat','Left-arm fast-medium','BOWLER'),(8383,'Mark Wood','Right-hand bat','Right-arm fast','BOWLER'),(8497,'Travis Head','Left-hand bat','Right-arm offbreak','BATSMEN'),(8502,'Ben Duckett','Left-hand bat','Right-arm offbreak','BATSMEN'),(8512,'Jamie Overton','Right-hand bat','Right-arm fast','ALL ROUNDER'),(8578,'Jack Leach','Left-hand bat','Left-arm orthodox','BOWLER'),(8631,'Scott Boland','Right-hand bat','Right-arm fast-medium','BOWLER'),(8642,'Adam Zampa','Right-hand bat','Right-arm legbreak','BOWLER'),(8646,'Beau Webster','Right-hand bat','Right-arm medium','ALL ROUNDER'),(8683,'Shardul Thakur','Right-hand bat','Right-arm fast-medium','ALL ROUNDER'),(8733,'KL Rahul','Right-hand bat',NULL,'WICKET KEEPER'),(8808,'Axar Patel','Left-hand bat','Left-arm orthodox','ALL ROUNDER'),(9200,'Alex Carey','Left-hand bat',NULL,'WICKET KEEPER'),(9311,'Jasprit Bumrah','Right-hand bat','Right-arm fast','BOWLER'),(9428,'Shreyas Iyer','Right-hand bat','Right-arm legbreak','BATSMEN'),(9429,'Sarfaraz Khan','Right-hand bat','Right-arm legbreak','BATSMEN'),(9456,'Matthew Short','Right-hand bat','Right-arm offbreak','BATSMEN'),(9647,'Hardik Pandya','Right-hand bat','Right-arm fast-medium','ALL ROUNDER'),(9716,'Abhimanyu Easwaran','Right-hand bat','Right-arm legbreak','BATSMEN'),(10045,'Liam Livingstone','Right-hand bat','Right-arm legbreak','ALL ROUNDER'),(10182,'Marnus Labuschagne','Right-hand bat','Right-arm legbreak','BATSMEN'),(10276,'Ishan Kishan','Left-hand bat',NULL,'WICKET KEEPER'),(10280,'Jhye Richardson','Right-hand bat','Right-arm fast','BOWLER'),(10420,'Sam Curran','Left-hand bat','Left-arm fast-medium','ALL ROUNDER'),(10479,'Philip Salt','Right-hand bat','Right-arm offbreak','WICKET KEEPER'),(10551,'Prasidh Krishna','Right-hand bat','Right-arm fast','BOWLER'),(10636,'Rajat Patidar','Right-hand bat','Right-arm offbreak','BATSMEN'),(10637,'Josh Inglis','Right-hand bat',NULL,'WICKET KEEPER'),(10744,'Rishabh Pant','Left-hand bat',NULL,'WICKET KEEPER'),(10754,'Mukesh Kumar','Right-hand bat','Right-arm fast-medium','BOWLER'),(10808,'Mohammed Siraj','Right-hand bat','Right-arm fast','BOWLER'),(10896,'Rinku Singh','Left-hand bat','Right-arm offbreak','BATSMEN'),(10945,'Washington Sundar','Left-hand bat','Right-arm offbreak','ALL ROUNDER'),(11195,'Shivam Dube','Left-hand bat','Right-arm medium','ALL ROUNDER'),(11436,'Brydon Carse','Right-hand bat','Right-arm fast','BOWLER'),(11540,'Jofra Archer','Right-hand bat','Right-arm fast','BOWLER'),(11689,'Xavier Bartlett','Right-hand bat','Right-arm fast-medium','BOWLER'),(11691,'Ollie Pope','Right-hand bat',NULL,'WICKET KEEPER'),(11808,'Shubman Gill','Right-hand bat','Right-arm offbreak','BATSMEN'),(11813,'Ruturaj Gaikwad','Right-hand bat','Right-arm offbreak','BATSMEN'),(12086,'Abhishek Sharma','Left-hand bat','Left-arm orthodox','ALL ROUNDER'),(12201,'Harry Brook','Right-hand bat','Right-arm medium','BATSMEN'),(12225,'Cameron Green','Right-hand bat','Right-arm fast-medium','ALL ROUNDER'),(12258,'Will Jacks','Right-hand bat','Right-arm offbreak','ALL ROUNDER'),(12747,'Josh Tongue','Right-hand bat','Right-arm fast-medium','BOWLER'),(12770,'Zak Crawley','Right-hand bat','Right-arm medium','BATSMEN'),(12777,'Matthew Potts','Right-hand bat','Right-arm fast-medium','BOWLER'),(12926,'Varun Chakaravarthy','Right-hand bat','Right-arm legbreak','BOWLER'),(12994,'Sam James Cook','Right-hand bat','Right-arm fast','BOWLER'),(13141,'Matthew Kuhnemann','Left-hand bat','Left-arm orthodox','BOWLER'),(13170,'Aaron Hardie','Right-hand bat','Right-arm fast-medium','ALL ROUNDER'),(13173,'Lance Morris','Right-hand bat','Right-arm fast','BOWLER'),(13217,'Arshdeep Singh','Left-hand bat','Left-arm fast-medium','BOWLER'),(13681,'Gus Atkinson','Right-hand bat','Right-arm fast-medium','ALL ROUNDER'),(13810,'Jamie Smith','Right-hand bat',NULL,'WICKET KEEPER'),(13866,'Sai Sudharsan','Left-hand bat','Right-arm legbreak','BATSMEN'),(13940,'Yashasvi Jaiswal','Left-hand bat','Right-arm legbreak','BATSMEN'),(14504,'Tilak Varma','Left-hand bat','Right-arm offbreak','BATSMEN'),(14659,'Ravi Bishnoi','Right-hand bat','Right-arm legbreak','BOWLER'),(14691,'Dhruv Jurel','Right-hand bat',NULL,'WICKET KEEPER'),(14701,'Nitish Kumar Reddy','Right-hand bat','Right-arm fast-medium','ALL ROUNDER'),(14726,'Akash Deep','Right-hand bat','Right-arm fast-medium','BOWLER'),(15146,'Todd Murphy','Left-hand bat','Right-arm offbreak','BOWLER'),(15480,'Nathan Ellis','Right-hand bat','Right-arm fast-medium','BOWLER'),(19587,'John Turner','Right-hand bat','Right-arm fast-medium','BOWLER'),(19636,'Jacob Bethell','Left-hand bat','Left-arm orthodox','ALL ROUNDER'),(19767,'Rehan Ahmed','Right-hand bat','Right-arm legbreak','ALL ROUNDER'),(24729,'Harshit Rana','Right-hand bat','Right-arm fast-medium','BOWLER'),(42740,'Josh Hull','Left-hand bat','Left-arm fast-medium','BOWLER'),(46023,'Shoaib Bashir','Right-hand bat','Right-arm offbreak','BOWLER'),(52495,'Sam Konstas','Right-hand bat','Right-arm offbreak','ALL ROUNDER');
/*!40000 ALTER TABLE `players` ENABLE KEYS */;
UNLOCK TABLES;

--
-- Table structure for table `players_details`
--

DROP TABLE IF EXISTS `players_details`;
/*!40101 SET @saved_cs_client     = @@character_set_client */;
/*!50503 SET character_set_client = utf8mb4 */;
CREATE TABLE `players_details` (
  `id` int NOT NULL AUTO_INCREMENT,
  `player_id` int DEFAULT NULL,
  `format` varchar(20) DEFAULT NULL,
  `matches` int DEFAULT NULL,
  `innings` int DEFAULT NULL,
  `runs` int DEFAULT NULL,
  `balls` int DEFAULT NULL,
  `highest` varchar(10) DEFAULT NULL,
  `average` float DEFAULT NULL,
  `strike_rate` float DEFAULT NULL,
  `not_out` int DEFAULT NULL,
  `fours` int DEFAULT NULL,
  `sixes` int DEFAULT NULL,
  `ducks` int DEFAULT NULL,
  `fifties` int DEFAULT NULL,
  `hundreds` int DEFAULT NULL,
  `two_hundreds` int DEFAULT NULL,
  `three_hundreds` int DEFAULT NULL,
  `four_hundreds` int DEFAULT NULL,
  `wickets` int DEFAULT NULL,
  `maidens` int DEFAULT NULL,
  `economy` float DEFAULT NULL,
  `five_wkts` int DEFAULT NULL,
  `ten_wkts` int DEFAULT NULL,
  `bbi` varchar(10) DEFAULT NULL,
  `bbm` varchar(10) DEFAULT NULL,
  PRIMARY KEY (`id`),
  KEY `player_id` (`player_id`),
  CONSTRAINT `players_details_ibfk_1` FOREIGN KEY (`player_id`) REFERENCES `players` (`id`)
) ENGINE=InnoDB AUTO_INCREMENT=337 DEFAULT CHARSET=utf8mb4 COLLATE=utf8mb4_0900_ai_ci;
/*!40101 SET character_set_client = @saved_cs_client */;

--
-- Dumping data for table `players_details`
--

LOCK TABLES `players_details` WRITE;
/*!40000 ALTER TABLE `players_details` DISABLE KEYS */;
INSERT INTO `players_details` VALUES (1,587,'Test',85,159,8305,19326,'175',25.17,58.56,25,383,75,8,27,5,0,0,0,330,742,2.58,15,3,'7/42','10/110'),(2,587,'ODI',204,196,8180,10116,'87',35.41,43.79,51,205,54,6,13,0,0,0,0,231,59,4.85,2,0,'5/33','5/33'),(3,587,'T20',74,71,1612,1356,'46',29.85,25.11,17,39,14,3,0,0,0,0,0,54,4,7.13,0,0,'3/15','3/15'),(4,587,'IPL',254,225,5188,4056,'77',30.52,23.86,81,240,117,9,5,0,0,0,0,170,2,7.67,1,0,'5/16','5/16'),(5,6250,'Test',46,74,2061,3483,'181',40.41,68.29,7,270,32,9,9,3,0,0,0,51,92,3.55,1,0,'5/46','7/86'),(6,6250,'ODI',96,70,2036,2213,'177',35.72,38.82,11,277,99,7,20,4,0,0,0,57,9,5.52,1,0,'5/33','5/33'),(7,6250,'T20',73,25,387,300,'92',22.76,17.65,11,154,88,3,10,0,0,0,0,17,0,7.74,0,0,'3/24','3/24'),(8,6250,'IPL',55,34,795,560,'117',21.49,15.14,2,104,75,7,9,1,0,0,0,37,1,8.52,0,0,'4/25','4/25'),(9,6557,'Test',115,170,7279,13160,'258',31.65,57.22,9,811,136,16,35,14,1,0,0,230,379,3.32,5,0,'6/22','8/161'),(10,6557,'ODI',114,88,3137,3110,'182',42.39,42.03,15,282,109,7,24,5,0,0,0,74,8,6.05,1,0,'5/61','5/61'),(11,6557,'T20',43,36,856,612,'52',32.92,23.54,9,42,22,1,1,0,0,0,0,26,1,8.39,0,0,'3/26','3/26'),(12,6557,'IPL',45,38,992,689,'107',35.43,24.61,6,81,32,3,2,2,0,0,0,28,2,8.64,0,0,'3/15','3/15'),(13,6670,'Test',62,118,5686,11219,'137',29.61,58.43,18,256,9,11,7,1,0,0,0,192,417,3.04,5,1,'6/17','11/102'),(14,6670,'ODI',122,118,5193,5737,'95',30.02,33.16,24,118,21,8,6,0,0,0,0,173,53,5.43,3,0,'6/45','6/45'),(15,6670,'T20',33,33,822,611,'37',26.52,19.71,8,9,7,2,0,0,0,0,0,31,1,8.07,0,0,'3/4','3/4'),(16,6670,'IPL',21,21,658,440,'18',21.93,14.67,6,7,2,0,0,0,0,0,0,30,0,8.97,0,0,'3/6','3/6'),(17,7662,'Test',7,9,341,462,'104',42.63,57.75,1,33,7,0,0,1,0,0,0,8,4,4.43,0,0,'4/127','4/127'),(18,7662,'ODI',149,119,3644,4002,'201',47.32,51.97,18,382,155,12,23,4,1,0,0,77,14,5.46,0,0,'4/40','4/40'),(19,7662,'T20',124,83,1472,1081,'145',30.04,22.06,18,240,148,5,12,5,0,0,0,49,0,8.17,0,0,'3/10','3/10'),(20,7662,'IPL',141,85,1413,1022,'95',34.46,24.93,17,237,161,19,18,0,0,0,0,41,1,8.3,0,0,'2/15','2/15'),(21,8512,'Test',2,4,310,450,'97',77.5,112.5,0,15,2,1,1,0,0,0,0,4,6,4.13,0,0,'2/98','2/146'),(22,8512,'ODI',7,6,180,188,'32',25.71,26.86,0,8,1,1,0,0,0,0,0,7,0,5.74,0,0,'3/22','3/22'),(23,8512,'T20',12,8,186,136,'19',16.91,12.36,2,3,1,1,0,0,0,0,0,11,0,8.21,0,0,'3/20','3/20'),(24,8512,'IPL',3,3,83,36,'11',0,0,2,1,1,0,0,0,0,0,0,0,0,13.83,0,0,'0/24','0/24'),(25,8646,'Test',7,11,186,361,'72',23.25,45.13,1,44,1,0,4,0,0,0,0,8,13,3.09,0,0,'2/6','2/19'),(26,8646,'ODI',0,0,0,0,'0',0,0,0,0,0,0,0,0,0,0,0,0,0,0,0,0,'-/-','-/-'),(27,8646,'T20',0,0,0,0,'0',0,0,0,0,0,0,0,0,0,0,0,0,0,0,0,0,'-/-','-/-'),(28,8646,'IPL',0,0,0,0,'0',0,0,0,0,0,0,0,0,0,0,0,0,0,0,0,0,'-/-','-/-'),(29,8683,'Test',13,22,1024,1611,'67',31.03,48.82,1,46,9,3,4,0,0,0,0,33,36,3.81,1,0,'7/61','8/108'),(30,8683,'ODI',47,46,2014,1940,'50',30.98,29.85,6,31,9,1,1,0,0,0,0,65,10,6.23,0,0,'4/37','4/37'),(31,8683,'T20',25,24,772,506,'22',23.39,15.33,3,5,4,2,0,0,0,0,0,33,0,9.15,0,0,'4/27','4/27'),(32,8683,'IPL',105,102,3244,2070,'68',30.32,19.35,14,30,13,8,1,0,0,0,0,107,3,9.4,0,0,'4/34','4/34'),(33,8808,'Test',14,27,1064,2540,'84',19.35,46.18,4,70,18,1,4,0,0,0,0,55,96,2.51,5,1,'6/38','11/70'),(34,8808,'ODI',68,63,2372,3167,'64',32.94,43.99,12,45,31,3,3,0,0,0,0,72,23,4.49,0,0,'3/24','3/24'),(35,8808,'T20',71,68,1571,1291,'65',22.13,18.18,15,41,23,2,1,0,0,0,0,71,3,7.3,0,0,'3/9','3/9'),(36,8808,'IPL',162,159,4046,3303,'66',31.61,25.8,37,130,94,7,3,0,0,0,0,128,2,7.35,0,0,'4/21','4/21'),(37,9647,'Test',11,19,528,937,'108',31.06,55.12,1,68,12,2,4,1,0,0,0,17,19,3.38,1,0,'5/28','6/50'),(38,9647,'ODI',94,88,3231,3460,'92',35.51,38.02,10,141,76,4,11,0,0,0,0,91,16,5.6,0,0,'4/24','4/24'),(39,9647,'T20',114,102,2485,1817,'71',26.44,19.33,25,135,95,3,5,0,0,0,0,94,4,8.21,0,0,'4/16','4/16'),(40,9647,'IPL',152,107,2492,1628,'91',31.95,20.87,43,207,148,6,10,0,0,0,0,78,0,9.18,1,0,'5/36','5/36'),(41,10045,'Test',1,0,0,0,'9',0,0,1,0,1,0,0,0,0,0,0,0,0,0,0,0,'-/-','-/-'),(42,10045,'ODI',39,31,982,968,'124',39.28,38.72,6,58,50,4,4,1,0,0,0,25,2,6.09,0,0,'3/16','3/16'),(43,10045,'T20',60,41,838,576,'103',25.39,17.45,9,54,59,3,2,1,0,0,0,33,1,8.73,0,0,'3/17','3/17'),(44,10045,'IPL',49,27,469,312,'94',36.08,24,7,70,75,3,7,0,0,0,0,13,0,9.02,0,0,'3/27','3/27'),(45,10420,'Test',24,42,1669,3091,'78',35.51,65.77,5,96,21,7,3,0,0,0,0,47,96,3.24,0,0,'4/58','5/92'),(46,10420,'ODI',35,35,1376,1325,'95',41.7,40.15,3,37,22,1,2,0,0,0,0,33,10,6.23,1,0,'5/48','5/48'),(47,10420,'T20',58,57,1462,1043,'50',27.07,19.31,9,21,15,0,1,0,0,0,0,54,2,8.41,1,0,'5/10','5/10'),(48,10420,'IPL',64,63,2033,1253,'88',34.46,21.24,13,85,41,4,6,0,0,0,0,59,0,9.74,0,0,'4/11','4/11'),(49,10945,'Test',13,22,911,1618,'101',28.47,50.56,7,67,17,3,5,1,0,0,0,32,28,3.38,1,1,'7/59','11/115'),(50,10945,'ODI',23,20,669,828,'51',27.88,34.5,1,24,10,0,1,0,0,0,0,24,5,4.85,0,0,'3/30','3/30'),(51,10945,'T20',54,52,1128,975,'50',23.5,20.31,8,16,9,4,1,0,0,0,0,48,1,6.94,0,0,'3/15','3/15'),(52,10945,'IPL',66,63,1436,1119,'49',36.82,28.69,13,42,16,2,0,0,0,0,0,39,1,7.7,0,0,'3/16','3/16'),(53,11195,'Test',0,0,0,0,'0',0,0,0,0,0,0,0,0,0,0,0,0,0,0,0,0,'-/-','-/-'),(54,11195,'ODI',4,4,106,107,'25',106,107,0,3,2,1,0,0,0,0,0,1,0,5.94,0,0,'1/19','1/19'),(55,11195,'T20',35,24,445,285,'63',34.23,21.92,9,37,28,1,4,0,0,0,0,13,0,9.37,0,0,'3/30','3/30'),(56,11195,'IPL',79,15,213,124,'95',42.6,24.8,14,108,122,3,10,0,0,0,0,5,0,10.31,0,0,'2/15','2/15'),(57,12086,'Test',0,0,0,0,'0',0,0,0,0,0,0,0,0,0,0,0,0,0,0,0,0,'-/-','-/-'),(58,12086,'ODI',0,0,0,0,'0',0,0,0,0,0,0,0,0,0,0,0,0,0,0,0,0,'-/-','-/-'),(59,12086,'T20',17,10,153,114,'135',25.5,19,0,46,41,1,2,2,0,0,0,6,0,8.05,0,0,'2/3','2/3'),(60,12086,'IPL',77,32,501,336,'141',45.55,30.55,7,174,101,3,9,1,0,0,0,11,0,8.95,0,0,'2/4','2/4'),(61,12225,'Test',32,44,1236,2190,'174',35.31,62.57,5,175,13,4,7,2,0,0,0,35,63,3.39,1,0,'5/27','5/27'),(62,12225,'ODI',31,25,784,814,'118',39.2,40.7,8,63,20,1,2,1,0,0,0,20,0,5.78,1,0,'5/33','5/33'),(63,12225,'T20',21,12,279,188,'62',23.25,15.67,4,42,31,0,6,0,0,0,0,12,0,8.9,0,0,'3/35','3/35'),(64,12225,'IPL',29,29,664,439,'100',41.5,27.44,11,62,32,0,2,1,0,0,0,16,0,9.08,0,0,'2/12','2/12'),(65,12258,'Test',2,4,232,327,'31',38.67,54.5,0,6,5,0,0,0,0,0,0,6,5,4.26,1,0,'6/161','6/199'),(66,12258,'ODI',21,13,357,324,'94',59.5,54,1,54,20,2,4,0,0,0,0,6,1,6.61,0,0,'3/22','3/22'),(67,12258,'T20',26,6,77,42,'40',77,42,0,41,15,1,0,0,0,0,0,1,0,11,0,0,'1/5','1/5'),(68,12258,'IPL',21,13,220,138,'100',27.5,17.25,2,38,29,0,2,1,0,0,0,8,0,9.57,0,0,'2/14','2/14'),(69,13170,'Test',0,0,0,0,'0',0,0,0,0,0,0,0,0,0,0,0,0,0,0,0,0,'-/-','-/-'),(70,13170,'ODI',15,13,392,426,'44',39.2,42.6,0,16,2,1,0,0,0,0,0,10,5,5.52,0,0,'2/13','2/13'),(71,13170,'T20',16,13,346,240,'28',26.62,18.46,3,19,5,0,0,0,0,0,0,13,2,8.65,0,0,'3/21','3/21'),(72,13170,'IPL',0,0,0,0,'0',0,0,0,0,0,0,0,0,0,0,0,0,0,0,0,0,'-/-','-/-'),(73,13681,'Test',13,25,1387,2260,'118',22.02,35.87,1,41,10,1,0,1,0,0,0,63,66,3.68,4,1,'7/45','12/106'),(74,13681,'ODI',11,11,528,472,'38',40.62,36.31,2,16,2,1,0,0,0,0,0,13,0,6.71,0,0,'2/28','2/28'),(75,13681,'T20',4,4,122,65,'8',20.33,10.83,1,0,0,0,0,0,0,0,0,6,0,11.26,0,0,'4/20','4/20'),(76,13681,'IPL',0,0,0,0,'0',0,0,0,0,0,0,0,0,0,0,0,0,0,0,0,0,'-/-','-/-'),(77,14701,'Test',7,12,301,432,'114',37.63,54,1,35,8,1,0,1,0,0,0,8,4,4.18,0,0,'2/32','3/82'),(78,14701,'ODI',0,0,0,0,'0',0,0,0,0,0,0,0,0,0,0,0,0,0,0,0,0,'-/-','-/-'),(79,14701,'T20',4,3,71,54,'74',23.67,18,1,4,8,1,1,0,0,0,0,3,0,7.89,0,0,'2/23','2/23'),(80,14701,'IPL',28,12,254,139,'76',50.8,27.8,5,31,25,1,2,0,0,0,0,5,0,10.96,0,0,'2/17','2/17'),(81,19636,'Test',4,4,94,128,'96',31.33,42.67,1,40,5,0,3,0,0,0,0,3,1,4.41,0,0,'3/72','3/72'),(82,19636,'ODI',15,11,304,232,'110',38,29,1,44,16,1,4,1,0,0,0,8,1,7.86,0,0,'2/33','2/33'),(83,19636,'T20',13,4,111,66,'62',27.75,16.5,5,16,19,0,2,0,0,0,0,4,0,10.09,0,0,'2/27','2/27'),(84,19636,'IPL',2,0,0,0,'55',0,0,0,9,3,0,1,0,0,0,0,0,0,0,0,0,'-/-','-/-'),(85,19767,'Test',5,9,687,1038,'28',31.23,47.18,0,14,0,1,0,0,0,0,0,22,19,3.97,1,0,'5/48','7/137'),(86,19767,'ODI',6,5,233,282,'15',23.3,28.2,0,2,1,0,0,0,0,0,0,10,2,4.96,0,0,'4/54','4/54'),(87,19767,'T20',10,9,300,186,'11',25,15.5,2,4,2,1,0,0,0,0,0,12,0,9.68,0,0,'3/39','3/39'),(88,19767,'IPL',0,0,0,0,'0',0,0,0,0,0,0,0,0,0,0,0,0,0,0,0,0,'-/-','-/-'),(89,52495,'Test',5,0,0,0,'60',0,0,0,19,2,2,1,0,0,0,0,0,0,0,0,0,'-/-','-/-'),(90,52495,'ODI',0,0,0,0,'0',0,0,0,0,0,0,0,0,0,0,0,0,0,0,0,0,'-/-','-/-'),(91,52495,'T20',0,0,0,0,'0',0,0,0,0,0,0,0,0,0,0,0,0,0,0,0,0,'-/-','-/-'),(92,52495,'IPL',0,0,0,0,'0',0,0,0,0,0,0,0,0,0,0,0,0,0,0,0,0,'-/-','-/-'),(93,576,'Test',67,16,4301,383,'212',34.86,191.5,10,473,88,6,18,12,1,0,0,2,5,3.51,0,0,'1/26','1/35'),(94,576,'ODI',273,40,11168,610,'264',52.15,67.78,36,1044,344,16,58,32,3,0,0,9,2,5.24,0,0,'2/27','2/27'),(95,576,'T20',159,9,4231,68,'121',43.7,68,16,383,205,12,32,5,0,0,0,1,0,9.97,0,0,'1/22','1/22'),(96,576,'IPL',272,32,453,339,'109',30.2,22.6,30,640,302,18,47,2,0,0,0,15,0,8.02,0,0,'4/6','4/6'),(97,1413,'Test',123,11,9230,175,'254',38.61,0,13,1027,30,15,31,30,7,0,0,0,2,2.88,0,0,'0/0','0/0'),(98,1413,'ODI',302,50,14181,662,'183',56.29,132.4,45,1325,153,16,74,51,0,0,0,5,1,6.16,0,0,'1/13','1/13'),(99,1413,'T20',125,13,4188,152,'122',47.35,38,31,369,124,7,38,1,0,0,0,4,0,8.05,0,0,'1/13','1/13'),(100,1413,'IPL',267,26,368,251,'113',92,62.75,40,771,291,10,63,8,0,0,0,4,0,8.8,0,0,'2/25','2/25'),(101,2250,'Test',119,62,1008,1470,'239',53.05,77.37,25,1143,62,11,43,36,4,0,0,19,28,4.11,0,0,'3/18','4/83'),(102,2250,'ODI',170,40,971,1076,'164',34.68,38.43,20,521,58,8,35,12,0,0,0,28,1,5.41,0,0,'3/16','3/16'),(103,2250,'T20',67,17,378,291,'90',22.24,17.12,11,96,26,1,5,0,0,0,0,17,1,7.79,0,0,'3/20','3/20'),(104,2250,'IPL',103,1,5,2,'101',0,0,21,225,60,1,11,1,0,0,0,0,0,0,0,0,'0/5','0/5'),(105,6635,'Test',84,3,8,18,'232',0,0,13,645,28,9,27,16,1,0,0,0,0,2.67,0,0,'0/1','0/1'),(106,6635,'ODI',40,0,0,0,'104',0,0,2,150,13,2,12,2,0,0,0,0,0,0,0,0,'-/-','-/-'),(107,6635,'T20',9,0,0,0,'58',0,0,0,31,5,0,1,0,0,0,0,0,0,0,0,0,'-/-','-/-'),(108,6635,'IPL',6,0,0,0,'30',0,0,0,14,3,0,0,0,0,0,0,0,0,0,0,0,'-/-','-/-'),(109,7915,'Test',1,0,0,0,'8',0,0,0,1,0,0,0,0,0,0,0,0,0,0,0,0,'-/-','-/-'),(110,7915,'ODI',37,1,17,12,'72',0,0,5,80,19,3,4,0,0,0,0,0,0,8.5,0,0,'0/17','0/17'),(111,7915,'T20',83,1,5,6,'117',2.5,3,11,237,146,5,21,4,0,0,0,2,0,5,0,0,'2/5','2/5'),(112,7915,'IPL',166,1,8,6,'103',0,0,28,454,168,10,29,2,0,0,0,0,0,8,0,0,'0/8','0/8'),(113,8019,'Test',158,165,3465,6200,'262',47.47,84.93,24,1451,45,13,66,39,6,0,0,73,163,3.35,1,0,'5/8','5/33'),(114,8019,'ODI',183,77,1731,1755,'166',61.82,62.68,24,592,53,9,43,19,0,0,0,28,2,5.92,0,0,'3/52','3/52'),(115,8019,'T20',32,9,139,84,'90',23.17,14,5,92,16,2,5,0,0,0,0,6,0,9.93,0,0,'2/9','2/9'),(116,8019,'IPL',3,1,14,12,'10',0,0,0,1,0,0,0,0,0,0,0,0,0,7,0,0,'0/14','0/14'),(117,8257,'Test',10,2,11,12,'303',0,0,1,70,4,2,1,1,1,1,0,0,0,5.5,0,0,'0/4','0/4'),(118,8257,'ODI',2,0,0,0,'39',0,0,0,6,0,0,0,0,0,0,0,0,0,0,0,0,'-/-','-/-'),(119,8257,'T20',0,0,0,0,'0',0,0,0,0,0,0,0,0,0,0,0,0,0,0,0,0,'-/-','-/-'),(120,8257,'IPL',84,0,0,0,'89',0,0,5,185,49,5,11,0,0,0,0,0,0,0,0,0,'-/-','-/-'),(121,8497,'Test',60,39,526,875,'175',32.88,54.69,6,485,32,7,20,9,0,0,0,16,11,3.61,0,0,'4/10','4/10'),(122,8497,'ODI',76,42,1136,1191,'154',40.57,42.54,6,339,72,3,17,7,0,0,0,28,0,5.72,0,0,'4/28','4/28'),(123,8497,'T20',41,4,56,36,'91',56,36,4,118,53,2,5,0,0,0,0,1,0,9.33,0,0,'1/16','1/16'),(124,8497,'IPL',38,6,113,58,'102',56.5,29,4,126,55,5,8,1,0,0,0,2,0,11.69,0,0,'2/30','2/30'),(125,8502,'Test',38,0,0,0,'182',0,0,3,370,18,5,16,6,0,0,0,0,0,0,0,0,'-/-','-/-'),(126,8502,'ODI',28,0,0,0,'165',0,0,1,142,16,3,8,3,0,0,0,0,0,0,0,0,'-/-','-/-'),(127,8502,'T20',20,0,0,0,'84',0,0,2,69,8,1,3,0,0,0,0,0,0,0,0,0,'-/-','-/-'),(128,8502,'IPL',0,0,0,0,'0',0,0,0,0,0,0,0,0,0,0,0,0,0,0,0,0,'-/-','-/-'),(129,9428,'Test',14,1,2,6,'105',0,0,2,94,16,2,5,1,0,0,0,0,0,2,0,0,'0/2','0/2'),(130,9428,'ODI',70,5,39,37,'128',0,0,6,262,72,1,22,5,0,0,0,0,0,6.32,0,0,'0/1','0/1'),(131,9428,'T20',51,1,2,2,'74',0,0,11,90,44,4,8,0,0,0,0,0,0,0,0,0,'0/2','0/2'),(132,9428,'IPL',132,1,7,6,'97',0,0,23,314,152,7,27,0,0,0,0,0,0,7,0,0,'0/7','0/7'),(133,9429,'Test',6,0,0,0,'150',0,0,1,44,8,3,3,1,0,0,0,0,0,0,0,0,'-/-','-/-'),(134,9429,'ODI',0,0,0,0,'0',0,0,0,0,0,0,0,0,0,0,0,0,0,0,0,0,'-/-','-/-'),(135,9429,'T20',0,0,0,0,'0',0,0,0,0,0,0,0,0,0,0,0,0,0,0,0,0,'-/-','-/-'),(136,9429,'IPL',50,1,6,2,'67',0,0,11,63,14,3,1,0,0,0,0,0,0,0,0,0,'0/6','0/6'),(137,9456,'Test',0,0,0,0,'0',0,0,0,0,0,0,0,0,0,0,0,0,0,0,0,0,'-/-','-/-'),(138,9456,'ODI',15,12,254,288,'63',127,144,0,31,9,1,2,0,0,0,0,2,0,5.29,0,0,'1/39','1/39'),(139,9456,'T20',14,5,91,48,'66',13,6.86,0,29,15,1,1,0,0,0,0,7,0,11.38,1,0,'5/22','5/22'),(140,9456,'IPL',6,3,25,24,'36',0,0,0,15,4,0,0,0,0,0,0,0,0,6.25,0,0,'0/7','0/7'),(141,9716,'Test',0,0,0,0,'0',0,0,0,0,0,0,0,0,0,0,0,0,0,0,0,0,'-/-','-/-'),(142,9716,'ODI',0,0,0,0,'0',0,0,0,0,0,0,0,0,0,0,0,0,0,0,0,0,'-/-','-/-'),(143,9716,'T20',0,0,0,0,'0',0,0,0,0,0,0,0,0,0,0,0,0,0,0,0,0,'-/-','-/-'),(144,9716,'IPL',0,0,0,0,'0',0,0,0,0,0,0,0,0,0,0,0,0,0,0,0,0,'-/-','-/-'),(145,10182,'Test',58,46,795,1268,'215',61.15,97.54,8,493,12,4,23,11,2,0,0,13,20,3.76,0,0,'3/45','5/119'),(146,10182,'ODI',66,16,358,323,'124',35.8,32.3,4,154,10,3,12,2,0,0,0,10,1,6.65,0,0,'3/39','3/39'),(147,10182,'T20',1,0,0,0,'2',0,0,0,0,0,0,0,0,0,0,0,0,0,0,0,0,'-/-','-/-'),(148,10182,'IPL',0,0,0,0,'0',0,0,0,0,0,0,0,0,0,0,0,0,0,0,0,0,'-/-','-/-'),(149,10636,'Test',3,0,0,0,'32',0,0,0,9,0,2,0,0,0,0,0,0,0,0,0,0,'-/-','-/-'),(150,10636,'ODI',1,0,0,0,'22',0,0,0,3,1,0,0,0,0,0,0,0,0,0,0,0,'-/-','-/-'),(151,10636,'T20',0,0,0,0,'0',0,0,0,0,0,0,0,0,0,0,0,0,0,0,0,0,'-/-','-/-'),(152,10636,'IPL',42,0,0,0,'112',0,0,2,76,68,1,9,1,0,0,0,0,0,0,0,0,'-/-','-/-'),(153,10896,'Test',0,0,0,0,'0',0,0,0,0,0,0,0,0,0,0,0,0,0,0,0,0,'-/-','-/-'),(154,10896,'ODI',2,1,2,6,'38',2,6,0,5,3,0,0,0,0,0,0,1,0,2,0,0,'1/2','1/2'),(155,10896,'T20',33,1,3,6,'69',1.5,3,11,45,31,1,3,0,0,0,0,2,0,3,0,0,'2/3','2/3'),(156,10896,'IPL',58,0,0,0,'67',0,0,15,87,56,0,4,0,0,0,0,0,0,0,0,0,'-/-','-/-'),(157,11808,'Test',37,1,1,7,'269',0,0,5,295,43,5,7,9,1,0,0,0,0,0.86,0,0,'0/1','0/1'),(158,11808,'ODI',55,2,25,18,'208',0,0,8,314,59,1,15,8,1,0,0,0,0,8.33,0,0,'0/11','0/11'),(159,11808,'T20',21,0,0,0,'126',0,0,2,60,22,1,3,1,0,0,0,0,0,0,0,0,'-/-','-/-'),(160,11808,'IPL',118,0,0,0,'129',0,0,17,372,119,4,26,4,0,0,0,0,0,0,0,0,'-/-','-/-'),(161,11813,'Test',0,0,0,0,'0',0,0,0,0,0,0,0,0,0,0,0,0,0,0,0,0,'-/-','-/-'),(162,11813,'ODI',6,0,0,0,'71',0,0,0,16,0,0,1,0,0,0,0,0,0,0,0,0,'-/-','-/-'),(163,11813,'T20',23,0,0,0,'123',0,0,4,65,24,1,4,1,0,0,0,0,0,0,0,0,'-/-','-/-'),(164,11813,'IPL',71,0,0,0,'108',0,0,8,231,95,7,20,2,0,0,0,0,0,0,0,0,'-/-','-/-'),(165,12201,'Test',30,6,105,144,'317',105,144,1,308,47,3,13,10,1,1,0,1,2,4.38,0,0,'1/25','1/25'),(166,12201,'ODI',32,0,0,0,'110',0,0,3,96,34,2,6,1,0,0,0,0,0,0,0,0,'-/-','-/-'),(167,12201,'T20',47,0,0,0,'81',0,0,10,70,38,0,4,0,0,0,0,0,0,0,0,0,'-/-','-/-'),(168,12201,'IPL',11,0,0,0,'100',0,0,2,23,4,3,0,1,0,0,0,0,0,0,0,0,'-/-','-/-'),(169,12770,'Test',59,0,0,0,'267',0,0,2,468,12,10,19,5,1,0,0,0,0,0,0,0,'-/-','-/-'),(170,12770,'ODI',8,0,0,0,'58',0,0,1,23,2,3,2,0,0,0,0,0,0,0,0,0,'-/-','-/-'),(171,12770,'T20',0,0,0,0,'0',0,0,0,0,0,0,0,0,0,0,0,0,0,0,0,0,'-/-','-/-'),(172,12770,'IPL',0,0,0,0,'0',0,0,0,0,0,0,0,0,0,0,0,0,0,0,0,0,'-/-','-/-'),(173,13866,'Test',3,0,0,0,'61',0,0,0,18,0,2,1,0,0,0,0,0,0,0,0,0,'-/-','-/-'),(174,13866,'ODI',3,1,8,3,'62',0,0,1,17,1,0,2,0,0,0,0,0,0,0,0,0,'0/8','0/8'),(175,13866,'T20',1,0,0,0,'0',0,0,0,0,0,0,0,0,0,0,0,0,0,0,0,0,'-/-','-/-'),(176,13866,'IPL',40,0,0,0,'108',0,0,4,183,52,0,12,2,0,0,0,0,0,0,0,0,'-/-','-/-'),(177,13940,'Test',24,1,6,6,'214',0,0,2,270,43,5,12,6,2,0,0,0,0,6,0,0,'0/6','0/6'),(178,13940,'ODI',1,0,0,0,'15',0,0,0,3,0,0,0,0,0,0,0,0,0,0,0,0,'-/-','-/-'),(179,13940,'T20',23,1,11,6,'100',0,0,2,82,38,2,5,1,0,0,0,0,0,11,0,0,'0/11','0/11'),(180,13940,'IPL',66,1,6,1,'124',0,0,3,258,92,4,15,2,0,0,0,0,0,0,0,0,'0/6','0/6'),(181,14504,'Test',0,0,0,0,'0',0,0,0,0,0,0,0,0,0,0,0,0,0,0,0,0,'-/-','-/-'),(182,14504,'ODI',4,2,39,42,'52',0,0,1,6,1,0,1,0,0,0,0,0,0,5.57,0,0,'0/18','0/18'),(183,14504,'T20',25,3,26,30,'120',13,15,9,61,43,3,3,2,0,0,0,2,0,5.2,0,0,'1/5','1/5'),(184,14504,'IPL',54,4,28,22,'84',0,0,11,113,74,1,8,0,0,0,0,0,0,7.64,0,0,'0/6','0/6'),(185,1742,'Test',19,34,2390,3816,'61',39.83,63.6,5,62,4,3,2,0,0,0,0,60,50,3.76,2,0,'5/49','7/178'),(186,1742,'ODI',155,149,7283,7763,'69',31.39,33.46,27,94,13,8,1,0,0,0,0,232,15,5.63,2,0,'5/27','5/27'),(187,1742,'T20',127,122,3301,2672,'22',24.45,19.79,20,12,1,3,0,0,0,0,0,135,5,7.41,0,0,'4/2','4/2'),(188,1742,'IPL',3,3,91,60,'18',45.5,30,0,2,1,0,0,0,0,0,0,2,0,9.1,0,0,'2/23','2/23'),(189,6258,'Test',76,143,7144,15423,'39',24.22,52.28,47,81,2,12,0,0,0,0,0,295,657,2.78,13,0,'6/67','9/79'),(190,6258,'ODI',93,92,3856,4840,'23',27.74,34.82,29,14,3,4,0,0,0,0,0,139,60,4.78,3,0,'6/52','6/52'),(191,6258,'T20',55,55,1594,1258,'13',21.84,17.23,9,2,1,2,0,0,0,0,0,73,7,7.6,0,0,'4/12','4/12'),(192,6258,'IPL',39,39,1196,867,'7',20.98,15.21,7,1,0,0,0,0,0,0,0,57,1,8.28,0,0,'4/25','4/25'),(193,7710,'Test',100,192,10863,19094,'99',27.02,47.5,32,231,49,16,11,0,0,0,0,402,607,3.41,16,2,'6/9','11/94'),(194,7710,'ODI',127,127,5712,6512,'52',23.41,26.69,27,42,14,12,1,0,0,0,0,244,55,5.26,9,0,'6/28','6/28'),(195,7710,'T20',65,65,1881,1458,'14',23.81,18.46,11,4,2,0,0,0,0,0,0,79,2,7.74,0,0,'4/20','4/20'),(196,7710,'IPL',51,49,1503,1047,'29',23.12,16.11,12,11,0,3,0,0,0,0,0,65,1,8.61,1,0,'5/35','5/35'),(197,7850,'Test',139,259,16942,34502,'47',30.15,61.39,49,205,14,19,0,0,0,0,0,562,1089,2.95,24,5,'8/50','13/154'),(198,7850,'ODI',29,29,1334,1626,'30',46,56.07,10,7,2,1,0,0,0,0,0,29,11,4.92,0,0,'4/44','4/44'),(199,7850,'T20',2,2,48,30,'4',48,30,1,0,0,0,0,0,0,0,0,1,0,9.6,0,0,'1/33','1/33'),(200,7850,'IPL',0,0,0,0,'0',0,0,0,0,0,0,0,0,0,0,0,0,0,0,0,0,'-/-','-/-'),(201,8022,'Test',5,9,400,610,'20',23.53,35.88,1,12,1,2,0,0,0,0,0,17,17,3.93,0,0,'3/29','4/68'),(202,8022,'ODI',10,9,399,394,'9',44.33,43.78,3,2,0,0,0,0,0,0,0,9,2,6.08,0,0,'4/85','4/85'),(203,8022,'T20',1,1,36,24,'0',0,0,0,0,0,1,0,0,0,0,0,0,0,9,0,0,'0/36','0/36'),(204,8022,'IPL',0,0,0,0,'0',0,0,0,0,0,0,0,0,0,0,0,0,0,0,0,0,'-/-','-/-'),(205,8022,'Test',5,9,400,610,'20',23.53,35.88,1,12,1,2,0,0,0,0,0,17,17,3.93,0,0,'3/29','4/68'),(206,8022,'ODI',10,9,399,394,'9',44.33,43.78,3,2,0,0,0,0,0,0,0,9,2,6.08,0,0,'4/85','4/85'),(207,8022,'T20',1,1,36,24,'0',0,0,0,0,0,1,0,0,0,0,0,0,0,9,0,0,'0/36','0/36'),(208,8022,'IPL',0,0,0,0,'0',0,0,0,0,0,0,0,0,0,0,0,0,0,0,0,0,'-/-','-/-'),(209,8095,'Test',71,132,6829,14187,'64',22.1,45.91,13,151,35,13,3,0,0,0,0,309,514,2.89,14,2,'6/23','10/62'),(210,8095,'ODI',90,90,4116,4683,'37',28.78,32.75,22,43,12,8,0,0,0,0,0,143,46,5.27,1,0,'5/70','5/70'),(211,8095,'T20',57,57,1556,1254,'28',23.58,19,12,11,7,4,0,0,0,0,0,66,4,7.44,0,0,'3/15','3/15'),(212,8095,'IPL',72,72,2373,1617,'66',30.04,20.47,20,39,41,4,3,0,0,0,0,79,2,8.81,0,0,'4/34','4/34'),(213,8136,'Test',0,0,0,0,'0',0,0,0,0,0,0,0,0,0,0,0,0,0,0,0,0,'-/-','-/-'),(214,8136,'ODI',29,29,1271,1331,'69',36.31,38.03,2,32,13,1,2,0,0,0,0,35,9,5.73,0,0,'3/23','3/23'),(215,8136,'T20',25,25,741,487,'12',24.7,16.23,5,2,1,2,0,0,0,0,0,30,1,9.13,0,0,'4/31','4/31'),(216,8136,'IPL',3,3,104,54,'14',104,54,0,1,2,0,0,0,0,0,0,1,0,11.56,0,0,'1/47','1/47'),(217,8292,'Test',13,24,1241,2093,'40',22.16,37.38,2,18,1,4,0,0,0,0,0,56,46,3.56,4,0,'5/40','8/113'),(218,8292,'ODI',113,110,4786,5754,'19',26.44,31.79,21,14,0,3,0,0,0,0,0,181,30,4.99,2,0,'6/25','6/25'),(219,8292,'T20',40,39,971,860,'23',14.07,12.46,3,2,0,2,0,0,0,0,0,69,2,6.77,2,0,'5/17','5/17'),(220,8292,'IPL',98,95,2749,2052,'35',26.95,20.12,23,18,3,5,0,0,0,0,0,102,1,8.04,0,0,'4/14','4/14'),(221,8349,'Test',0,0,0,0,'0',0,0,0,0,0,0,0,0,0,0,0,0,0,0,0,0,'-/-','-/-'),(222,8349,'ODI',30,30,1257,1392,'15',26.74,29.62,11,3,1,1,0,0,0,0,0,47,17,5.42,1,0,'6/24','6/24'),(223,8349,'T20',35,35,978,706,'9',29.64,21.39,8,1,0,1,0,0,0,0,0,33,0,8.31,0,0,'3/22','3/22'),(224,8349,'IPL',6,6,222,120,'3',44.4,24,1,0,0,0,0,0,0,0,0,5,0,11.1,0,0,'2/27','2/27'),(225,8383,'Test',37,69,3621,6544,'52',30.43,54.99,11,107,20,10,1,0,0,0,0,119,196,3.32,5,0,'6/37','9/100'),(226,8383,'ODI',70,69,3267,3506,'43',40.84,43.83,16,16,5,5,0,0,0,0,0,80,19,5.59,0,0,'4/33','4/33'),(227,8383,'T20',38,37,1099,776,'10',20.35,14.37,5,2,0,1,0,0,0,0,0,54,1,8.5,0,0,'3/9','3/9'),(228,8383,'IPL',5,5,179,120,'10',16.27,10.91,1,1,1,0,0,0,0,0,0,11,1,8.95,1,0,'5/14','5/14'),(229,8578,'Test',38,67,4838,9402,'92',34.07,66.21,22,64,2,7,1,0,0,0,0,142,307,3.09,5,1,'5/66','10/166'),(230,8578,'ODI',0,0,0,0,'0',0,0,0,0,0,0,0,0,0,0,0,0,0,0,0,0,'-/-','-/-'),(231,8578,'T20',0,0,0,0,'0',0,0,0,0,0,0,0,0,0,0,0,0,0,0,0,0,'-/-','-/-'),(232,8578,'IPL',0,0,0,0,'0',0,0,0,0,0,0,0,0,0,0,0,0,0,0,0,0,'-/-','-/-'),(233,8631,'Test',14,27,1025,2232,'20',16.53,36,7,9,0,3,0,0,0,0,0,62,95,2.76,2,1,'6/7','10/76'),(234,8631,'ODI',14,13,725,716,'4',45.31,44.75,1,0,0,1,0,0,0,0,0,16,3,6.08,0,0,'3/67','3/67'),(235,8631,'T20',3,3,90,66,'0',30,22,0,0,0,0,0,0,0,0,0,3,0,8.18,0,0,'3/26','3/26'),(236,8631,'IPL',2,2,54,42,'0',27,21,0,0,0,0,0,0,0,0,0,2,0,7.71,0,0,'2/31','2/31'),(237,8642,'Test',0,0,0,0,'0',0,0,0,0,0,0,0,0,0,0,0,0,0,0,0,0,'-/-','-/-'),(238,8642,'ODI',114,114,5495,5926,'36',28.62,30.86,19,32,2,6,0,0,0,0,0,192,16,5.56,1,0,'5/35','5/35'),(239,8642,'T20',103,102,2745,2243,'13',21.12,17.25,11,7,0,4,0,0,0,0,0,130,1,7.34,1,0,'5/19','5/19'),(240,8642,'IPL',22,22,652,467,'7',21.03,15.06,0,1,0,1,0,0,0,0,0,31,0,8.38,1,0,'6/19','6/19'),(241,9311,'Test',48,91,4341,9348,'34',19.82,42.68,22,37,11,28,0,0,0,0,0,219,365,2.79,15,0,'6/27','9/86'),(242,9311,'ODI',89,88,3509,4580,'16',23.55,30.74,14,10,1,5,0,0,0,0,0,149,57,4.6,2,0,'6/19','6/19'),(243,9311,'T20',70,69,1579,1509,'7',17.74,16.96,5,1,0,2,0,0,0,0,0,89,12,6.28,0,0,'3/7','3/7'),(244,9311,'IPL',145,145,4032,3337,'16',22.03,18.23,24,5,1,5,0,0,0,0,0,183,7,7.25,2,0,'5/10','5/10'),(245,10280,'Test',3,6,243,535,'9',22.09,48.64,0,0,2,0,0,0,0,0,0,11,28,2.73,1,0,'5/42','5/45'),(246,10280,'ODI',15,15,793,810,'29',29.37,30,4,7,0,0,0,0,0,0,0,27,11,5.87,0,0,'4/26','4/26'),(247,10280,'T20',18,18,556,396,'11',29.26,20.84,5,3,1,1,0,0,0,0,0,19,0,8.42,0,0,'3/26','3/26'),(248,10280,'IPL',4,4,157,90,'15',52.33,30,0,2,0,1,0,0,0,0,0,3,0,10.47,0,0,'2/41','2/41'),(249,10551,'Test',6,11,756,960,'5',34.36,43.64,5,0,0,3,0,0,0,0,0,22,14,4.72,0,0,'4/62','8/188'),(250,10551,'ODI',17,17,742,794,'2',25.59,27.38,5,0,0,2,0,0,0,0,0,29,7,5.61,0,0,'4/12','4/12'),(251,10551,'T20',5,5,220,120,'0',27.5,15,0,0,0,0,0,0,0,0,0,8,0,11,0,0,'3/41','3/41'),(252,10551,'IPL',66,66,2191,1499,'4',29.61,20.26,7,0,0,2,0,0,0,0,0,74,3,8.77,0,0,'4/30','4/30'),(253,10754,'Test',3,6,179,284,'0',25.57,40.57,3,0,0,1,0,0,0,0,0,7,16,3.78,0,0,'2/0','4/56'),(254,10754,'ODI',6,6,217,234,'6',43.4,46.8,1,2,0,0,0,0,0,0,0,5,4,5.56,0,0,'3/30','3/30'),(255,10754,'T20',17,17,487,324,'4',24.35,16.2,3,1,0,1,0,0,0,0,0,20,0,9.02,0,0,'4/22','4/22'),(256,10754,'IPL',32,32,1102,636,'6',30.61,17.67,4,0,0,0,0,0,0,0,0,36,1,10.4,0,0,'4/33','4/33'),(257,10808,'Test',41,76,3820,6419,'16',31.06,52.19,25,16,2,14,0,0,0,0,0,123,190,3.57,5,0,'6/15','9/190'),(258,10808,'ODI',44,43,1708,1975,'9',24.06,27.82,10,3,0,1,0,0,0,0,0,71,32,5.19,1,0,'6/21','6/21'),(259,10808,'T20',16,16,452,348,'7',32.29,24.86,3,1,0,1,0,0,0,0,0,14,2,7.79,0,0,'4/17','4/17'),(260,10808,'IPL',108,108,3349,2300,'14',30.72,21.1,16,10,4,2,0,0,0,0,0,109,4,8.74,0,0,'4/17','4/17'),(261,11436,'Test',9,18,1084,1867,'56',30.11,51.86,2,23,12,1,1,0,0,0,0,36,45,3.48,1,1,'6/42','10/106'),(262,11436,'ODI',27,26,1227,1138,'32',40.9,37.93,6,15,5,0,0,0,0,0,0,30,3,6.47,1,0,'5/61','5/61'),(263,11436,'T20',11,11,360,240,'31',21.18,14.12,2,2,3,2,0,0,0,0,0,17,0,9,0,0,'3/23','3/23'),(264,11436,'IPL',0,0,0,0,'0',0,0,0,0,0,0,0,0,0,0,0,0,0,0,0,0,'-/-','-/-'),(265,11540,'Test',15,28,1562,3140,'30',30.63,61.57,2,24,1,3,0,0,0,0,0,51,108,2.98,3,0,'6/45','8/85'),(266,11540,'ODI',34,34,1509,1775,'38',24.34,28.63,10,20,7,3,0,0,0,0,0,62,22,5.1,1,0,'6/40','6/40'),(267,11540,'T20',34,34,1002,754,'21',24.44,18.39,5,6,4,3,0,0,0,0,0,41,2,7.97,0,0,'4/33','4/33'),(268,11540,'IPL',52,52,1602,1218,'30',27.15,20.64,13,14,18,5,0,0,0,0,0,59,3,7.89,0,0,'3/15','3/15'),(269,11689,'Test',0,0,0,0,'0',0,0,0,0,0,0,0,0,0,0,0,0,0,0,0,0,'-/-','-/-'),(270,11689,'ODI',4,4,128,187,'8',10.67,15.58,0,0,1,0,0,0,0,0,0,12,2,4.11,0,0,'4/17','4/17'),(271,11689,'T20',8,8,201,166,'9',15.46,12.77,0,2,0,1,0,0,0,0,0,13,0,7.27,0,0,'3/13','3/13'),(272,11689,'IPL',4,4,96,60,'11',48,30,0,1,0,0,0,0,0,0,0,2,0,9.6,0,0,'1/26','1/26'),(273,12747,'Test',6,12,930,1368,'19',30,44.13,1,3,0,2,0,0,0,0,0,31,28,4.08,2,0,'5/66','8/182'),(274,12747,'ODI',0,0,0,0,'0',0,0,0,0,0,0,0,0,0,0,0,0,0,0,0,0,'-/-','-/-'),(275,12747,'T20',0,0,0,0,'0',0,0,0,0,0,0,0,0,0,0,0,0,0,0,0,0,'-/-','-/-'),(276,12747,'IPL',0,0,0,0,'0',0,0,0,0,0,0,0,0,0,0,0,0,0,0,0,0,'-/-','-/-'),(277,12777,'Test',10,19,1060,2041,'21',29.44,56.69,3,12,1,2,0,0,0,0,0,36,78,3.12,0,0,'4/13','7/68'),(278,12777,'ODI',11,10,400,402,'15',33.33,33.5,5,1,1,0,0,0,0,0,0,12,3,5.97,0,0,'4/38','4/38'),(279,12777,'T20',1,1,48,24,'0',24,12,0,0,0,0,0,0,0,0,0,2,0,12,0,0,'2/48','2/48'),(280,12777,'IPL',0,0,0,0,'0',0,0,0,0,0,0,0,0,0,0,0,0,0,0,0,0,'-/-','-/-'),(281,12926,'Test',0,0,0,0,'0',0,0,0,0,0,0,0,0,0,0,0,0,0,0,0,0,'-/-','-/-'),(282,12926,'ODI',4,4,190,240,'0',19,24,0,0,0,0,0,0,0,0,0,10,0,4.75,1,0,'5/42','5/42'),(283,12926,'T20',18,18,481,411,'1',14.58,12.45,1,0,0,2,0,0,0,0,0,33,0,7.02,2,0,'5/17','5/17'),(284,12926,'IPL',83,83,2385,1888,'10',23.85,18.88,9,2,0,1,0,0,0,0,0,100,1,7.58,1,0,'5/20','5/20'),(285,12994,'Test',1,2,119,186,'0',119,186,0,0,0,0,0,0,0,0,0,1,4,3.84,0,0,'1/72','1/119'),(286,12994,'ODI',0,0,0,0,'0',0,0,0,0,0,0,0,0,0,0,0,0,0,0,0,0,'-/-','-/-'),(287,12994,'T20',0,0,0,0,'0',0,0,0,0,0,0,0,0,0,0,0,0,0,0,0,0,'-/-','-/-'),(288,12994,'IPL',0,0,0,0,'0',0,0,0,0,0,0,0,0,0,0,0,0,0,0,0,0,'-/-','-/-'),(289,13141,'Test',5,9,555,1026,'6',22.2,41.04,2,2,0,1,0,0,0,0,0,25,30,3.25,2,0,'5/16','9/149'),(290,13141,'ODI',4,4,191,228,'15',31.83,38,0,3,0,0,0,0,0,0,0,6,3,5.03,0,0,'2/26','2/26'),(291,13141,'T20',1,1,33,24,'0',0,0,0,0,0,0,0,0,0,0,0,0,0,8.25,0,0,'0/33','0/33'),(292,13141,'IPL',0,0,0,0,'0',0,0,0,0,0,0,0,0,0,0,0,0,0,0,0,0,'-/-','-/-'),(293,13173,'Test',0,0,0,0,'0',0,0,0,0,0,0,0,0,0,0,0,0,0,0,0,0,'-/-','-/-'),(294,13173,'ODI',3,3,96,123,'0',24,30.75,0,0,0,1,0,0,0,0,0,4,3,4.68,0,0,'2/13','2/13'),(295,13173,'T20',0,0,0,0,'0',0,0,0,0,0,0,0,0,0,0,0,0,0,0,0,0,'-/-','-/-'),(296,13173,'IPL',0,0,0,0,'0',0,0,0,0,0,0,0,0,0,0,0,0,0,0,0,0,'-/-','-/-'),(297,13217,'Test',0,0,0,0,'0',0,0,0,0,0,0,0,0,0,0,0,0,0,0,0,0,'-/-','-/-'),(298,13217,'ODI',9,8,322,373,'18',23,26.64,1,1,3,1,0,0,0,0,0,14,2,5.18,1,0,'5/37','5/37'),(299,13217,'T20',63,63,1812,1310,'12',18.3,13.23,13,6,3,3,0,0,0,0,0,99,2,8.3,0,0,'4/9','4/9'),(300,13217,'IPL',82,82,2570,1714,'10',26.49,17.67,8,4,0,3,0,0,0,0,0,97,2,9,1,0,'5/32','5/32'),(301,14659,'Test',0,0,0,0,'0',0,0,0,0,0,0,0,0,0,0,0,0,0,0,0,0,'-/-','-/-'),(302,14659,'ODI',1,1,69,48,'4',69,48,1,1,0,0,0,0,0,0,0,1,0,8.63,0,0,'1/69','1/69'),(303,14659,'T20',42,42,1182,964,'9',19.38,15.8,6,8,1,2,0,0,0,0,0,61,3,7.36,0,0,'4/13','4/13'),(304,14659,'IPL',77,76,2237,1633,'13',31.07,22.68,8,2,2,2,0,0,0,0,0,72,1,8.22,0,0,'3/24','3/24'),(305,14726,'Test',10,18,1002,1536,'66',35.79,54.86,1,20,6,3,1,0,0,0,0,28,40,3.91,1,1,'6/99','10/187'),(306,14726,'ODI',0,0,0,0,'0',0,0,0,0,0,0,0,0,0,0,0,0,0,0,0,0,'-/-','-/-'),(307,14726,'T20',0,0,0,0,'0',0,0,0,0,0,0,0,0,0,0,0,0,0,0,0,0,'-/-','-/-'),(308,14726,'IPL',14,14,548,278,'17',54.8,27.8,2,2,2,2,0,0,0,0,0,10,1,11.83,0,0,'3/45','3/45'),(309,15146,'Test',7,12,619,1157,'41',28.14,52.59,1,15,3,3,0,0,0,0,0,22,34,3.21,1,0,'7/124','7/124'),(310,15146,'ODI',0,0,0,0,'0',0,0,0,0,0,0,0,0,0,0,0,0,0,0,0,0,'-/-','-/-'),(311,15146,'T20',0,0,0,0,'0',0,0,0,0,0,0,0,0,0,0,0,0,0,0,0,0,'-/-','-/-'),(312,15146,'IPL',0,0,0,0,'0',0,0,0,0,0,0,0,0,0,0,0,0,0,0,0,0,'-/-','-/-'),(313,15480,'Test',0,0,0,0,'0',0,0,0,0,0,0,0,0,0,0,0,0,0,0,0,0,'-/-','-/-'),(314,15480,'ODI',15,15,690,762,'18',40.59,44.82,4,4,6,1,0,0,0,0,0,17,3,5.43,0,0,'2/13','2/13'),(315,15480,'T20',27,27,771,590,'12',18.8,14.39,3,1,1,2,0,0,0,0,0,41,2,7.84,0,0,'4/28','4/28'),(316,15480,'IPL',17,17,546,378,'12',28.74,19.89,1,0,1,2,0,0,0,0,0,19,0,8.67,0,0,'4/30','4/30'),(317,19587,'Test',0,0,0,0,'0',0,0,0,0,0,0,0,0,0,0,0,0,0,0,0,0,'-/-','-/-'),(318,19587,'ODI',2,2,68,66,'2',34,33,1,0,0,0,0,0,0,0,0,2,0,6.18,0,0,'2/42','2/42'),(319,19587,'T20',2,2,64,36,'0',64,36,0,0,0,0,0,0,0,0,0,1,0,10.67,0,0,'1/42','1/42'),(320,19587,'IPL',0,0,0,0,'0',0,0,0,0,0,0,0,0,0,0,0,0,0,0,0,0,'-/-','-/-'),(321,24729,'Test',2,3,203,270,'7',50.75,67.5,0,1,0,2,0,0,0,0,0,4,6,4.51,0,0,'3/48','4/117'),(322,24729,'ODI',5,5,207,218,'13',20.7,21.8,0,1,1,0,0,0,0,0,0,10,2,5.7,0,0,'3/31','3/31'),(323,24729,'T20',1,1,33,24,'0',11,8,0,0,0,0,0,0,0,0,0,3,0,8.25,0,0,'3/33','3/33'),(324,24729,'IPL',33,32,1029,649,'34',25.73,16.23,4,5,3,1,0,0,0,0,0,40,1,9.51,0,0,'3/24','3/24'),(325,42740,'Test',1,2,91,102,'7',30.33,34,1,0,1,0,0,0,0,0,0,3,0,5.35,0,0,'3/53','3/91'),(326,42740,'ODI',0,0,0,0,'0',0,0,0,0,0,0,0,0,0,0,0,0,0,0,0,0,'-/-','-/-'),(327,42740,'T20',0,0,0,0,'0',0,0,0,0,0,0,0,0,0,0,0,0,0,0,0,0,'-/-','-/-'),(328,42740,'IPL',0,0,0,0,'0',0,0,0,0,0,0,0,0,0,0,0,0,0,0,0,0,'-/-','-/-'),(329,46023,'Test',19,33,2652,4199,'13',39,61.75,15,12,1,6,0,0,0,0,0,68,53,3.79,4,0,'6/81','9/143'),(330,46023,'ODI',0,0,0,0,'0',0,0,0,0,0,0,0,0,0,0,0,0,0,0,0,0,'-/-','-/-'),(331,46023,'T20',0,0,0,0,'0',0,0,0,0,0,0,0,0,0,0,0,0,0,0,0,0,'-/-','-/-'),(332,46023,'IPL',0,0,0,0,'0',0,0,0,0,0,0,0,0,0,0,0,0,0,0,0,0,'-/-','-/-'),(333,2258,'Test',57,0,0,0,'152',0,0,9,339,33,9,18,2,0,0,0,0,0,0,0,0,'-/-','-/-'),(334,2258,'ODI',193,0,0,0,'162',0,0,29,433,181,15,29,11,0,0,0,0,0,0,0,0,'-/-','-/-'),(335,2258,'T20',137,0,0,0,'101',0,0,23,333,160,8,27,1,0,0,0,0,0,0,0,0,'-/-','-/-'),(336,2258,'IPL',121,0,0,0,'124',0,0,16,407,185,8,24,7,0,0,0,0,0,0,0,0,'-/-','-/-');
/*!40000 ALTER TABLE `players_details` ENABLE KEYS */;
UNLOCK TABLES;

--
-- Table structure for table `recent_matches`
--

DROP TABLE IF EXISTS `recent_matches`;
/*!40101 SET @saved_cs_client     = @@character_set_client */;
/*!50503 SET character_set_client = utf8mb4 */;
CREATE TABLE `recent_matches` (
  `series_name` text,
  `match_desc` text,
  `teams` text,
  `venue` text,
  `city` text,
  `match_date` datetime DEFAULT NULL
) ENGINE=InnoDB DEFAULT CHARSET=utf8mb4 COLLATE=utf8mb4_0900_ai_ci;
/*!40101 SET character_set_client = @saved_cs_client */;

--
-- Dumping data for table `recent_matches`
--

LOCK TABLES `recent_matches` WRITE;
/*!40000 ALTER TABLE `recent_matches` DISABLE KEYS */;
INSERT INTO `recent_matches` VALUES ('South Africa tour of England, 2025','3rd ODI','England vs South Africa','The Rose Bowl','Southampton','2025-09-07 15:30:00'),('South Africa tour of England, 2025','1st ODI','England vs South Africa','Headingley','Leeds','2025-09-02 17:30:00'),('South Africa tour of England, 2025','2nd ODI','South Africa vs England','Lord\'s','London','2025-09-04 17:30:00'),('United Arab Emirates T20I Tri-Series 2025','Final','Pakistan vs Afghanistan','Sharjah Cricket Stadium','Sharjah','2025-09-07 20:30:00'),('United Arab Emirates T20I Tri-Series 2025','3rd Match','Afghanistan vs United Arab Emirates','Sharjah Cricket Stadium','Sharjah','2025-09-01 20:30:00'),('United Arab Emirates T20I Tri-Series 2025','5th Match','Pakistan vs United Arab Emirates','Sharjah Cricket Stadium','Sharjah','2025-09-04 20:30:00'),('United Arab Emirates T20I Tri-Series 2025','6th Match','Afghanistan vs United Arab Emirates','Sharjah Cricket Stadium','Sharjah','2025-09-05 20:30:00'),('United Arab Emirates T20I Tri-Series 2025','4th Match','Afghanistan vs Pakistan','Sharjah Cricket Stadium','Sharjah','2025-09-02 20:30:00'),('ICC Cricket World Cup League Two 2023-27','85th Match','Canada vs Scotland','Maple Leaf North-West Ground','King City','2025-09-06 20:00:00'),('ICC Cricket World Cup League Two 2023-27','84th Match','Scotland vs Namibia','Maple Leaf North-West Ground','King City','2025-09-04 20:00:00'),('ICC Cricket World Cup League Two 2023-27','83rd Match','Namibia vs Canada','Maple Leaf North-West Ground','King City','2025-09-02 20:00:00'),('Netherlands tour of Bangladesh 2025','3rd T20I','Bangladesh vs Netherlands','Sylhet International Cricket Stadium','Sylhet','2025-09-03 17:30:00'),('Netherlands tour of Bangladesh 2025','2nd T20I','Netherlands vs Bangladesh','Sylhet International Cricket Stadium','Sylhet','2025-09-01 17:30:00'),('Sri Lanka tour of Zimbabwe, 2025','3rd T20I','Zimbabwe vs Sri Lanka','Harare Sports Club','Harare','2025-09-07 17:00:00'),('Sri Lanka tour of Zimbabwe, 2025','1st T20I','Zimbabwe vs Sri Lanka','Harare Sports Club','Harare','2025-09-03 17:00:00'),('Sri Lanka tour of Zimbabwe, 2025','2nd T20I','Sri Lanka vs Zimbabwe','Harare Sports Club','Harare','2025-09-06 17:00:00'),('Sweden tour of Isle Of Man 2025','4th Match','Isle of Man vs Sweden','Cronkbourne Sports and Social Club Ground','Tromode','2025-09-07 20:00:00'),('Sweden tour of Isle Of Man 2025','3rd T20I','Isle of Man vs Sweden','Cronkbourne Sports and Social Club Ground','Tromode','2025-09-07 15:30:00'),('Sweden tour of Isle Of Man 2025','1st T20I','Isle of Man vs Sweden','Cronkbourne Sports and Social Club Ground','Tromode','2025-09-06 15:30:00'),('Sweden tour of Isle Of Man 2025','2nd T20I','Isle of Man vs Sweden','Cronkbourne Sports and Social Club Ground','Tromode','2025-09-06 20:00:00'),('Caribbean Premier League 2025','25th Match','St Kitts and Nevis Patriots vs Guyana Amazon Warriors','Providence Stadium','Guyana','2025-09-08 05:30:00'),('Caribbean Premier League 2025','19th Match','Trinbago Knight Riders vs St Kitts and Nevis Patriots','Brian Lara Stadium','Tarouba, Trinidad','2025-09-01 20:30:00'),('Caribbean Premier League 2025','23rd Match','Trinbago Knight Riders vs Guyana Amazon Warriors','Providence Stadium','Guyana','2025-09-07 04:30:00'),('Caribbean Premier League 2025','24th Match','Barbados Royals vs Saint Lucia Kings','Kensington Oval','Bridgetown, Barbados','2025-09-07 20:30:00'),('Caribbean Premier League 2025','21st Match','Barbados Royals vs Guyana Amazon Warriors','Kensington Oval','Bridgetown, Barbados','2025-09-05 04:30:00'),('Caribbean Premier League 2025','20th Match','Trinbago Knight Riders vs Saint Lucia Kings','Brian Lara Stadium','Tarouba, Trinidad','2025-09-04 04:30:00'),('Caribbean Premier League 2025','22nd Match','Barbados Royals vs Antigua and Barbuda Falcons','Kensington Oval','Bridgetown, Barbados','2025-09-06 04:30:00'),('T20 Blast 2025','Quarter Final 4','Warwickshire vs Somerset','The Cooper Associates County Ground','Taunton','2025-09-06 23:00:00'),('T20 Blast 2025','Quarter Final 3','Kent vs Lancashire','Emirates Old Trafford','Manchester','2025-09-06 19:00:00'),('T20 Blast 2025','Quarter Final 2','Hampshire vs Durham','Riverside Ground','Chester-le-Street','2025-09-05 23:00:00'),('T20 Blast 2025','Quarter Final 1','Northamptonshire vs Surrey','Kennington Oval','London','2025-09-03 23:00:00'),('Uttar Pradesh Premier League 2025','Final','Meerut Mavericks vs Kashi Rudras','Bharat Ratna Shri Atal Bihari Vajpayee Ekana Cricket Stadium','Lucknow','2025-09-06 19:30:00'),('Uttar Pradesh Premier League 2025','Eliminator','Lucknow Falcons vs Gaur Gorakhapur Lions','Bharat Ratna Shri Atal Bihari Vajpayee Ekana Cricket Stadium','Lucknow','2025-09-03 19:30:00'),('Uttar Pradesh Premier League 2025','Qualifier 2','Meerut Mavericks vs Lucknow Falcons','Bharat Ratna Shri Atal Bihari Vajpayee Ekana Cricket Stadium','Lucknow','2025-09-04 19:30:00'),('Uttar Pradesh Premier League 2025','30th Match','Lucknow Falcons vs Kashi Rudras','Bharat Ratna Shri Atal Bihari Vajpayee Ekana Cricket Stadium','Lucknow','2025-09-01 19:30:00'),('Uttar Pradesh Premier League 2025','Qualifier 1','Kashi Rudras vs Meerut Mavericks','Bharat Ratna Shri Atal Bihari Vajpayee Ekana Cricket Stadium','Lucknow','2025-09-03 15:00:00'),('Kerala Cricket League 2025','Semi Final 2 (1st v 4th)','Kochi Blue Tigers vs Calicut Globstars','Greenfield International Stadium','Thiruvananthapuram','2025-09-05 18:45:00'),('Kerala Cricket League 2025','27th Match','Adani Trivandrum Royals vs Alleppey Ripples','Greenfield International Stadium','Thiruvananthapuram','2025-09-03 14:30:00'),('Kerala Cricket League 2025','24th Match','Calicut Globstars vs Aries Kollam Sailors','Greenfield International Stadium','Thiruvananthapuram','2025-09-01 18:45:00'),('Kerala Cricket League 2025','Final','Kochi Blue Tigers vs Aries Kollam Sailors','Greenfield International Stadium','Thiruvananthapuram','2025-09-07 18:45:00'),('Kerala Cricket League 2025','30th Match','Calicut Globstars vs Thrissur Titans','Greenfield International Stadium','Thiruvananthapuram','2025-09-04 18:45:00'),('Kerala Cricket League 2025','29th Match','Alleppey Ripples vs Aries Kollam Sailors','Greenfield International Stadium','Thiruvananthapuram','2025-09-04 14:30:00'),('Kerala Cricket League 2025','26th Match','Adani Trivandrum Royals vs Thrissur Titans','Greenfield International Stadium','Thiruvananthapuram','2025-09-02 18:45:00'),('Kerala Cricket League 2025','28th Match','Aries Kollam Sailors vs Kochi Blue Tigers','Greenfield International Stadium','Thiruvananthapuram','2025-09-03 18:45:00'),('Kerala Cricket League 2025','Semi Final 1 (2nd v 3rd)','Thrissur Titans vs Aries Kollam Sailors','Greenfield International Stadium','Thiruvananthapuram','2025-09-05 14:30:00'),('Kerala Cricket League 2025','25th Match','Calicut Globstars vs Kochi Blue Tigers','Greenfield International Stadium','Thiruvananthapuram','2025-09-02 14:30:00'),('Kerala Cricket League 2025','23rd Match','Alleppey Ripples vs Thrissur Titans','Greenfield International Stadium','Thiruvananthapuram','2025-09-01 14:30:00'),('Duleep Trophy 2025','2nd Semi-Final','West Zone vs Central Zone','BCCI Centre of Excellence Ground B','Bengaluru','2025-09-04 09:30:00'),('Duleep Trophy 2025','1st Semi-Final','South Zone vs North Zone','BCCI Centre of Excellence Ground','Bengaluru','2025-09-04 09:30:00'),('New Zealand A tour of South Africa, 2025','3rd Unofficial ODI','South Africa A vs New Zealand A','LC de Villiers Oval','Pretoria','2025-09-03 13:30:00'),('New Zealand A tour of South Africa, 2025','2nd Unofficial ODI','New Zealand A vs South Africa A','LC de Villiers Oval','Pretoria','2025-09-01 13:30:00'),('Czech Republic Women tour Estonia 2025','2nd T20I','Estonia Women vs Czech Republic Women','Estonian National Cricket and Rugby Field','Tallinn','2025-09-06 18:00:00'),('Czech Republic Women tour Estonia 2025','3rd T20I','Czech Republic Women vs Estonia Women','Estonian National Cricket and Rugby Field','Tallinn','2025-09-07 12:30:00'),('Czech Republic Women tour Estonia 2025','1st T20I','Czech Republic Women vs Estonia Women','Estonian National Cricket and Rugby Field','Tallinn','2025-09-06 13:30:00'),('Womens ICC T20 Tri-Series 2025','5th Match','Jersey Women vs Brazil Women','New Farnley Cricket Club','Leeds','2025-09-03 15:00:00'),('Womens ICC T20 Tri-Series 2025','3rd Match','Jersey Women vs Isle of Man Women','New Farnley Cricket Club','Leeds','2025-09-01 20:00:00'),('Womens ICC T20 Tri-Series 2025','6th Match','Brazil Women vs Jersey Women','New Farnley Cricket Club','Leeds','2025-09-03 20:00:00'),('Womens ICC T20 Tri-Series 2025','4th Match','Jersey Women vs Isle of Man Women','New Farnley Cricket Club','Leeds','2025-09-02 15:00:00'),('Womens ICC T20 Tri-Series 2025','2nd Match','Brazil Women vs Isle of Man Women','New Farnley Cricket Club','Leeds','2025-09-01 15:00:00'),('Womens ICC T20 Tri-Series 2025','7th Match','Jersey Women vs Brazil Women','New Farnley Cricket Club','Leeds','2025-09-04 15:00:00'),('Japan Women tour of Fiji 2025','2nd T20I','Japan Women vs Fiji Women','Albert Park 1','Suva','2025-09-06 03:30:00'),('Japan Women tour of Fiji 2025','1st T20I','Japan Women vs Fiji Women','Albert Park 1','Suva','2025-09-05 07:30:00'),('ICC Womens T20 World Cup Africa Region Division One Qualifier 2025','3rd place play-off','Tanzania Women vs Uganda Women','Namibia Cricket Ground',' Windhoek','2025-09-06 13:00:00'),('ICC Womens T20 World Cup Africa Region Division One Qualifier 2025','Final','Namibia Women vs Zimbabwe Women','Namibia Cricket Ground',' Windhoek','2025-09-06 17:20:00'),('ICC Womens T20 World Cup Africa Region Division One Qualifier 2025','5th Place Play-off 1st Semi-Final','Kenya Women vs Nigeria Women','High Performance Oval','Windhoek','2025-09-04 13:00:00'),('ICC Womens T20 World Cup Africa Region Division One Qualifier 2025','2nd semi-final','Tanzania Women vs Namibia Women','Namibia Cricket Ground',' Windhoek','2025-09-04 17:20:00'),('ICC Womens T20 World Cup Africa Region Division One Qualifier 2025','10th Match, Group A','Namibia Women vs Sierra Leone Women','High Performance Oval','Windhoek','2025-09-03 13:00:00'),('ICC Womens T20 World Cup Africa Region Division One Qualifier 2025','5th Place Play-off','Rwanda Women vs Kenya Women','High Performance Oval','Windhoek','2025-09-06 17:20:00'),('ICC Womens T20 World Cup Africa Region Division One Qualifier 2025','7th Place Play-off','Nigeria Women vs Sierra Leone Women','High Performance Oval','Windhoek','2025-09-06 13:00:00'),('ICC Womens T20 World Cup Africa Region Division One Qualifier 2025','8th Match, Group B','Rwanda Women vs Uganda Women','High Performance Oval','Windhoek','2025-09-01 17:20:00'),('ICC Womens T20 World Cup Africa Region Division One Qualifier 2025','5th Place Play-off 2nd Semi-Final','Rwanda Women vs Sierra Leone Women','High Performance Oval','Windhoek','2025-09-04 17:20:00'),('ICC Womens T20 World Cup Africa Region Division One Qualifier 2025','12th Match, Group A','Nigeria Women vs Zimbabwe Women','High Performance Oval','Windhoek','2025-09-03 17:20:00'),('ICC Womens T20 World Cup Africa Region Division One Qualifier 2025','11th Match, Group B','Kenya Women vs Uganda Women','Namibia Cricket Ground',' Windhoek','2025-09-03 17:20:00'),('ICC Womens T20 World Cup Africa Region Division One Qualifier 2025','7th Match, Group A','Nigeria Women vs Namibia Women','Namibia Cricket Ground',' Windhoek','2025-09-01 17:20:00'),('ICC Womens T20 World Cup Africa Region Division One Qualifier 2025','9th Match, Group B','Tanzania Women vs Rwanda Women','Namibia Cricket Ground',' Windhoek','2025-09-03 13:00:00'),('ICC Womens T20 World Cup Africa Region Division One Qualifier 2025','1st semi-final','Uganda Women vs Zimbabwe Women','Namibia Cricket Ground',' Windhoek','2025-09-04 13:00:00'),('ICC Womens T20 World Cup Africa Region Division One Qualifier 2025','5th Match, Group A','Sierra Leone Women vs Zimbabwe Women','Namibia Cricket Ground',' Windhoek','2025-09-01 13:00:00'),('ICC Womens T20 World Cup Africa Region Division One Qualifier 2025','6th Match, Group B','Tanzania Women vs Kenya Women','High Performance Oval','Windhoek','2025-09-01 13:00:00'),('Womens Caribbean Premier League 2025','1st Match','Guyana Amazon Warriors Women vs Trinbago Knight Riders Women','Providence Stadium','Guyana','2025-09-06 23:30:00'),('Womens Caribbean Premier League 2025','2nd Match','Guyana Amazon Warriors Women vs Barbados Royals Women','Providence Stadium','Guyana','2025-09-08 00:30:00');
/*!40000 ALTER TABLE `recent_matches` ENABLE KEYS */;
UNLOCK TABLES;

--
-- Table structure for table `recent_matches10`
--

DROP TABLE IF EXISTS `recent_matches10`;
/*!40101 SET @saved_cs_client     = @@character_set_client */;
/*!50503 SET character_set_client = utf8mb4 */;
CREATE TABLE `recent_matches10` (
  `id` int NOT NULL AUTO_INCREMENT,
  `series_name` varchar(255) DEFAULT NULL,
  `match_desc` varchar(100) DEFAULT NULL,
  `teams` varchar(255) DEFAULT NULL,
  `venue` varchar(255) DEFAULT NULL,
  `city` varchar(100) DEFAULT NULL,
  `match_date` datetime DEFAULT NULL,
  `winner` varchar(100) DEFAULT NULL,
  `victory_margin` int DEFAULT NULL,
  `victory_type` varchar(50) DEFAULT NULL,
  PRIMARY KEY (`id`)
) ENGINE=InnoDB AUTO_INCREMENT=70 DEFAULT CHARSET=utf8mb4 COLLATE=utf8mb4_0900_ai_ci;
/*!40101 SET character_set_client = @saved_cs_client */;

--
-- Dumping data for table `recent_matches10`
--

LOCK TABLES `recent_matches10` WRITE;
/*!40000 ALTER TABLE `recent_matches10` DISABLE KEYS */;
INSERT INTO `recent_matches10` VALUES (1,'South Africa tour of England, 2025','3rd ODI','England vs South Africa','The Rose Bowl','Southampton','2025-09-07 15:30:00','ENG',342,'runs'),(2,'South Africa tour of England, 2025','1st ODI','England vs South Africa','Headingley','Leeds','2025-09-02 17:30:00','RSA',7,'wkts'),(3,'South Africa tour of England, 2025','2nd ODI','South Africa vs England','Lord\'s','London','2025-09-04 17:30:00','RSA',5,'runs'),(4,'United Arab Emirates T20I Tri-Series 2025','Final','Pakistan vs Afghanistan','Sharjah Cricket Stadium','Sharjah','2025-09-07 20:30:00','PAK',75,'runs'),(5,'United Arab Emirates T20I Tri-Series 2025','6th Match','Afghanistan vs United Arab Emirates','Sharjah Cricket Stadium','Sharjah','2025-09-05 20:30:00','AFG',4,'runs'),(6,'United Arab Emirates T20I Tri-Series 2025','5th Match','Pakistan vs United Arab Emirates','Sharjah Cricket Stadium','Sharjah','2025-09-04 20:30:00','PAK',31,'runs'),(7,'United Arab Emirates T20I Tri-Series 2025','4th Match','Afghanistan vs Pakistan','Sharjah Cricket Stadium','Sharjah','2025-09-02 20:30:00','AFG',18,'runs'),(9,'ICC Cricket World Cup League Two 2023-27','83rd Match','Namibia vs Canada','Maple Leaf North-West Ground','King City','2025-09-02 20:00:00','NAM',24,'runs'),(10,'ICC Cricket World Cup League Two 2023-27','84th Match','Scotland vs Namibia','Maple Leaf North-West Ground','King City','2025-09-04 20:00:00','SCO',55,'runs'),(12,'Sri Lanka tour of Zimbabwe, 2025','3rd T20I','Zimbabwe vs Sri Lanka','Harare Sports Club','Harare','2025-09-07 17:00:00','SL',8,'wkts'),(13,'Sri Lanka tour of Zimbabwe, 2025','2nd T20I','Sri Lanka vs Zimbabwe','Harare Sports Club','Harare','2025-09-06 17:00:00','ZIM',5,'wkts'),(14,'Sri Lanka tour of Zimbabwe, 2025','1st T20I','Zimbabwe vs Sri Lanka','Harare Sports Club','Harare','2025-09-03 17:00:00','SL',4,'wkts'),(17,'Sweden tour of Isle Of Man 2025','2nd T20I','Isle of Man vs Sweden','Cronkbourne Sports and Social Club Ground','Tromode','2025-09-06 20:00:00','SWE',3,'wkts'),(18,'Sweden tour of Isle Of Man 2025','1st T20I','Isle of Man vs Sweden','Cronkbourne Sports and Social Club Ground','Tromode','2025-09-06 15:30:00','SWE',10,'wkts'),(19,'Caribbean Premier League 2025','25th Match','St Kitts and Nevis Patriots vs Guyana Amazon Warriors','Providence Stadium','Guyana','2025-09-08 05:30:00','SNP',5,'runs'),(20,'Caribbean Premier League 2025','24th Match','Barbados Royals vs Saint Lucia Kings','Kensington Oval','Bridgetown, Barbados','2025-09-07 20:30:00','BR',27,'runs'),(21,'Caribbean Premier League 2025','23rd Match','Trinbago Knight Riders vs Guyana Amazon Warriors','Providence Stadium','Guyana','2025-09-07 04:30:00','GAW',3,'wkts'),(22,'Caribbean Premier League 2025','22nd Match','Barbados Royals vs Antigua and Barbuda Falcons','Kensington Oval','Bridgetown, Barbados','2025-09-06 04:30:00','ABF',4,'wkts'),(23,'Caribbean Premier League 2025','21st Match','Barbados Royals vs Guyana Amazon Warriors','Kensington Oval','Bridgetown, Barbados','2025-09-05 04:30:00','GAW',4,'wkts'),(24,'Caribbean Premier League 2025','20th Match','Trinbago Knight Riders vs Saint Lucia Kings','Brian Lara Stadium','Tarouba, Trinidad','2025-09-04 04:30:00','SLK',7,'wkts'),(25,'T20 Blast 2025','Quarter Final 4','Warwickshire vs Somerset','The Cooper Associates County Ground','Taunton','2025-09-06 23:00:00','SOM',4,'wkts'),(26,'T20 Blast 2025','Quarter Final 1','Northamptonshire vs Surrey','Kennington Oval','London','2025-09-03 23:00:00','NHNTS',7,'runs'),(27,'T20 Blast 2025','Quarter Final 2','Hampshire vs Durham','Riverside Ground','Chester-le-Street','2025-09-05 23:00:00','HAM',26,'runs'),(28,'T20 Blast 2025','Quarter Final 3','Kent vs Lancashire','Emirates Old Trafford','Manchester','2025-09-06 19:00:00','LANCS',3,'wkts'),(29,'Uttar Pradesh Premier League 2025','Qualifier 2','Meerut Mavericks vs Lucknow Falcons','Bharat Ratna Shri Atal Bihari Vajpayee Ekana Cricket Stadium','Lucknow','2025-09-04 19:30:00','MRM',19,'runs'),(30,'Uttar Pradesh Premier League 2025','Qualifier 1','Kashi Rudras vs Meerut Mavericks','Bharat Ratna Shri Atal Bihari Vajpayee Ekana Cricket Stadium','Lucknow','2025-09-03 15:00:00','KRD',5,'runs'),(31,'Uttar Pradesh Premier League 2025','Final','Meerut Mavericks vs Kashi Rudras','Bharat Ratna Shri Atal Bihari Vajpayee Ekana Cricket Stadium','Lucknow','2025-09-06 19:30:00','KRD',8,'wkts'),(32,'Uttar Pradesh Premier League 2025','Eliminator','Lucknow Falcons vs Gaur Gorakhapur Lions','Bharat Ratna Shri Atal Bihari Vajpayee Ekana Cricket Stadium','Lucknow','2025-09-03 19:30:00','LFC',23,'runs'),(33,'Kerala Cricket League 2025','Final','Kochi Blue Tigers vs Aries Kollam Sailors','Greenfield International Stadium','Thiruvananthapuram','2025-09-07 18:45:00','KBT',75,'runs'),(34,'Kerala Cricket League 2025','26th Match','Adani Trivandrum Royals vs Thrissur Titans','Greenfield International Stadium','Thiruvananthapuram','2025-09-02 18:45:00','ATR',17,'runs'),(35,'Kerala Cricket League 2025','Semi Final 2 (1st v 4th)','Kochi Blue Tigers vs Calicut Globstars','Greenfield International Stadium','Thiruvananthapuram','2025-09-05 18:45:00','KBT',15,'runs'),(36,'Kerala Cricket League 2025','Semi Final 1 (2nd v 3rd)','Thrissur Titans vs Aries Kollam Sailors','Greenfield International Stadium','Thiruvananthapuram','2025-09-05 14:30:00','AKS',10,'wkts'),(37,'Kerala Cricket League 2025','30th Match','Calicut Globstars vs Thrissur Titans','Greenfield International Stadium','Thiruvananthapuram','2025-09-04 18:45:00','TST',4,'wkts'),(38,'Kerala Cricket League 2025','29th Match','Alleppey Ripples vs Aries Kollam Sailors','Greenfield International Stadium','Thiruvananthapuram','2025-09-04 14:30:00','AKS',4,'wkts'),(39,'Kerala Cricket League 2025','28th Match','Aries Kollam Sailors vs Kochi Blue Tigers','Greenfield International Stadium','Thiruvananthapuram','2025-09-03 18:45:00','KBT',6,'wkts'),(40,'Kerala Cricket League 2025','27th Match','Adani Trivandrum Royals vs Alleppey Ripples','Greenfield International Stadium','Thiruvananthapuram','2025-09-03 14:30:00','ATR',110,'runs'),(41,'Kerala Cricket League 2025','25th Match','Calicut Globstars vs Kochi Blue Tigers','Greenfield International Stadium','Thiruvananthapuram','2025-09-02 14:30:00','KBT',3,'wkts'),(44,'New Zealand A tour of South Africa, 2025','3rd Unofficial ODI','South Africa A vs New Zealand A','LC de Villiers Oval','Pretoria','2025-09-03 13:30:00','NZA',18,'runs'),(45,'Czech Republic Women tour Estonia 2025','3rd T20I','Czech Republic Women vs Estonia Women','Estonian National Cricket and Rugby Field','Tallinn','2025-09-07 12:30:00','ESTW',7,'wkts'),(46,'Czech Republic Women tour Estonia 2025','2nd T20I','Estonia Women vs Czech Republic Women','Estonian National Cricket and Rugby Field','Tallinn','2025-09-06 18:00:00','ESTW',115,'runs'),(47,'Czech Republic Women tour Estonia 2025','1st T20I','Czech Republic Women vs Estonia Women','Estonian National Cricket and Rugby Field','Tallinn','2025-09-06 13:30:00','ESTW',1,'wkt'),(49,'Womens ICC T20 Tri-Series 2025','6th Match','Brazil Women vs Jersey Women','New Farnley Cricket Club','Leeds','2025-09-03 20:00:00','BRAW',20,'runs'),(50,'Womens ICC T20 Tri-Series 2025','7th Match','Jersey Women vs Brazil Women','New Farnley Cricket Club','Leeds','2025-09-04 15:00:00','BRAW',8,'wkts'),(51,'Womens ICC T20 Tri-Series 2025','4th Match','Jersey Women vs Isle of Man Women','New Farnley Cricket Club','Leeds','2025-09-02 15:00:00','IOMW',7,'wkts'),(52,'Japan Women tour of Fiji 2025','1st T20I','Japan Women vs Fiji Women','Albert Park 1','Suva','2025-09-05 07:30:00','JPNW',23,'runs'),(53,'Japan Women tour of Fiji 2025','2nd T20I','Japan Women vs Fiji Women','Albert Park 1','Suva','2025-09-06 03:30:00','JPNW',104,'runs'),(54,'ICC Womens T20 World Cup Africa Region Division One Qualifier 2025','10th Match, Group A','Namibia Women vs Sierra Leone Women','High Performance Oval','Windhoek','2025-09-03 13:00:00','NAMW',152,'runs'),(55,'ICC Womens T20 World Cup Africa Region Division One Qualifier 2025','5th Place Play-off 2nd Semi-Final','Rwanda Women vs Sierra Leone Women','High Performance Oval','Windhoek','2025-09-04 17:20:00','RWAW',50,'runs'),(56,'ICC Womens T20 World Cup Africa Region Division One Qualifier 2025','Final','Namibia Women vs Zimbabwe Women','Namibia Cricket Ground',' Windhoek','2025-09-06 17:20:00','ZIMW',9,'wkts'),(57,'ICC Womens T20 World Cup Africa Region Division One Qualifier 2025','5th Place Play-off 1st Semi-Final','Kenya Women vs Nigeria Women','High Performance Oval','Windhoek','2025-09-04 13:00:00','KENW',7,'runs'),(58,'ICC Womens T20 World Cup Africa Region Division One Qualifier 2025','3rd place play-off','Tanzania Women vs Uganda Women','Namibia Cricket Ground',' Windhoek','2025-09-06 13:00:00','TANW',6,'runs'),(59,'ICC Womens T20 World Cup Africa Region Division One Qualifier 2025','5th Place Play-off','Rwanda Women vs Kenya Women','High Performance Oval','Windhoek','2025-09-06 17:20:00','RWAW',6,'runs'),(60,'ICC Womens T20 World Cup Africa Region Division One Qualifier 2025','11th Match, Group B','Kenya Women vs Uganda Women','Namibia Cricket Ground',' Windhoek','2025-09-03 17:20:00','UGAW',8,'wkts'),(61,'ICC Womens T20 World Cup Africa Region Division One Qualifier 2025','7th Place Play-off','Nigeria Women vs Sierra Leone Women','High Performance Oval','Windhoek','2025-09-06 13:00:00','NGAW',85,'runs'),(62,'ICC Womens T20 World Cup Africa Region Division One Qualifier 2025','9th Match, Group B','Tanzania Women vs Rwanda Women','Namibia Cricket Ground',' Windhoek','2025-09-03 13:00:00','TANW',18,'runs'),(63,'ICC Womens T20 World Cup Africa Region Division One Qualifier 2025','1st semi-final','Uganda Women vs Zimbabwe Women','Namibia Cricket Ground',' Windhoek','2025-09-04 13:00:00','ZIMW',5,'wkts'),(64,'ICC Womens T20 World Cup Africa Region Division One Qualifier 2025','2nd semi-final','Tanzania Women vs Namibia Women','Namibia Cricket Ground',' Windhoek','2025-09-04 17:20:00','NAMW',8,'wkts'),(65,'ICC Womens T20 World Cup Africa Region Division One Qualifier 2025','12th Match, Group A','Nigeria Women vs Zimbabwe Women','High Performance Oval','Windhoek','2025-09-03 17:20:00','ZIMW',10,'wkts'),(67,'ICC Womens T20 World Cup East Asia Pacific Qualifier 2025','2nd Match, Group B','Papua New Guinea Women vs Japan Women','Albert Park 2','Suva','2025-09-09 03:00:00','PNGW',45,'runs'),(68,'Womens Caribbean Premier League 2025','2nd Match','Guyana Amazon Warriors Women vs Barbados Royals Women','Providence Stadium','Guyana','2025-09-08 00:30:00','BRW',7,'wkts'),(69,'Womens Caribbean Premier League 2025','1st Match','Guyana Amazon Warriors Women vs Trinbago Knight Riders Women','Providence Stadium','Guyana','2025-09-06 23:30:00','GAWW',6,'runs');
/*!40000 ALTER TABLE `recent_matches10` ENABLE KEYS */;
UNLOCK TABLES;

--
-- Table structure for table `runs_odi`
--

DROP TABLE IF EXISTS `runs_odi`;
/*!40101 SET @saved_cs_client     = @@character_set_client */;
/*!50503 SET character_set_client = utf8mb4 */;
CREATE TABLE `runs_odi` (
  `id` int NOT NULL,
  `name` text,
  `matches` int DEFAULT NULL,
  `innings` int DEFAULT NULL,
  `runs` int DEFAULT NULL,
  `average` float DEFAULT NULL
) ENGINE=InnoDB DEFAULT CHARSET=utf8mb4 COLLATE=utf8mb4_0900_ai_ci;
/*!40101 SET character_set_client = @saved_cs_client */;

--
-- Dumping data for table `runs_odi`
--

LOCK TABLES `runs_odi` WRITE;
/*!40000 ALTER TABLE `runs_odi` DISABLE KEYS */;
INSERT INTO `runs_odi` VALUES (25,'Tendulkar',463,452,18426,44.83),(104,'Sangakkara',404,380,14234,41.99),(1413,'Kohli',302,290,14181,57.88),(38,'R Ponting',375,365,13704,42.04),(102,'S Jayasuriya',445,433,13430,32.36),(101,'Mahela',448,418,12650,33.38),(35,'Inzamam-ul-Haq',378,350,11739,39.53),(213,'Kallis',328,314,11579,44.36),(29,'S Ganguly',311,300,11363,41.02),(576,'Rohit',273,265,11168,48.77),(27,'Dravid',344,318,10889,39.17),(265,'Dhoni',350,297,10773,50.58),(247,'Gayle',301,294,10480,37.83),(240,'B Lara',299,289,10405,40.49),(105,'Dilshan',330,303,10290,39.27),(34,'M Yousuf',288,273,9720,41.72),(36,'A Gilchrist',287,279,9619,35.89),(370,'de Villiers',228,218,9577,53.5),(3864,'M Azharuddin',334,308,9378,36.92),(3531,'A Silva',308,296,9284,34.9),(25,'Tendulkar',463,452,18426,44.83),(104,'Sangakkara',404,380,14234,41.99),(1413,'Kohli',302,290,14181,57.88),(38,'R Ponting',375,365,13704,42.04),(102,'S Jayasuriya',445,433,13430,32.36),(101,'Mahela',448,418,12650,33.38),(35,'Inzamam-ul-Haq',378,350,11739,39.53),(213,'Kallis',328,314,11579,44.36),(29,'S Ganguly',311,300,11363,41.02),(576,'Rohit',273,265,11168,48.77),(27,'Dravid',344,318,10889,39.17),(265,'Dhoni',350,297,10773,50.58),(247,'Gayle',301,294,10480,37.83),(240,'B Lara',299,289,10405,40.49),(105,'Dilshan',330,303,10290,39.27),(34,'M Yousuf',288,273,9720,41.72),(36,'A Gilchrist',287,279,9619,35.89),(370,'de Villiers',228,218,9577,53.5),(3864,'M Azharuddin',334,308,9378,36.92),(3531,'A Silva',308,296,9284,34.9);
/*!40000 ALTER TABLE `runs_odi` ENABLE KEYS */;
UNLOCK TABLES;

--
-- Table structure for table `series_2024`
--

DROP TABLE IF EXISTS `series_2024`;
/*!40101 SET @saved_cs_client     = @@character_set_client */;
/*!50503 SET character_set_client = utf8mb4 */;
CREATE TABLE `series_2024` (
  `series_name` text,
  `host_country` text,
  `match_type` text,
  `start_date` date DEFAULT NULL,
  `total_matches` int DEFAULT NULL,
  `id` int DEFAULT NULL
) ENGINE=InnoDB DEFAULT CHARSET=utf8mb4 COLLATE=utf8mb4_0900_ai_ci;
/*!40101 SET character_set_client = @saved_cs_client */;

--
-- Dumping data for table `series_2024`
--

LOCK TABLES `series_2024` WRITE;
/*!40000 ALTER TABLE `series_2024` DISABLE KEYS */;
INSERT INTO `series_2024` VALUES ('Sri Lanka tour of New Zealand, 2024-25','New Zealand','ODI, T20','2024-12-23',8,8553),('Gulf Cricket T20I Championship, 2024','UAE','T20','2024-12-13',16,9297),('Pakistan tour of South Africa, 2024 -25','South Africa','ODI, T20, TEST','2024-12-10',8,8044),('Afghanistan tour of Zimbabwe, 2024-25','Zimbabwe','ODI, T20, TEST','2024-12-09',8,9171),('ICC Mens T20 World Cup Americas Sub Regional Qualifier, 2024','America','T20','2024-12-06',36,9265),('Africa Continental Cup 2024','Africa','T20','2024-12-04',19,9289),('Sri Lanka tour of South Africa, 2024','South Africa','TEST','2024-11-27',2,8058),('Pakistan tour of Zimbabwe, 2024','Zimbabwe','ODI, T20','2024-11-24',6,8494),('England tour of New Zealand, 2024','New Zealand','TEST','2024-11-23',4,7853),('ICC Mens T20 World Cup Africa Sub Regional Qualifier C 2024','Africa','T20','2024-11-23',15,9132),('India tour of Australia, 2024-25','Australia','TEST','2024-11-22',6,7745),('ICC Mens T20 World Cup Asia Qualifier B 2024','Asia','T20','2024-11-19',21,9129),('Bangladesh tour of West Indies, 2024','West Indies','ODI, T20, TEST','2024-11-17',9,8116),('Netherlands tour of Oman, 2024','Oman','T20','2024-11-13',3,9125),('Myanmar tour of Indonesia, 2024','Indonesia','T20','2024-11-12',6,9146),('New Zealand tour of Sri Lanka, 2024','Sri Lanka','ODI, T20','2024-11-09',5,9083),('India tour of South Africa, 2024','South Africa','T20','2024-11-08',4,8404),('Afghanistan v Bangladesh in UAE, 2024','UAE','ODI','2024-11-06',3,9091),('Pakistan tour of Australia, 2024','Australia','ODI, T20','2024-11-03',6,7781),('England tour of West Indies, 2024','West Indies','ODI, T20','2024-10-31',8,8107),('Bahrain in Uganda 2024','Uganda','T20','2024-10-28',2,9157),('South Africa tour of Bangladesh, 2024','Bangladesh','TEST','2024-10-21',2,9033),('ICC Mens T20 World Cup Sub Regional Africa Qualifier Group B, 2024','Africa','T20','2024-10-19',15,9041),('Quadrangular T20I Series in Bhutan, 2024','Bhutan','T20','2024-10-19',10,9025),('Seychelles tour of Kenya, Only T20I','Kenya','T20','2024-10-18',1,9115),('Nepal tour of United States of America 2024','USA','T20','2024-10-17',3,9043),('New Zealand tour of India, 2024','India','TEST','2024-10-16',3,8395),('West Indies tour of Sri Lanka, 2024','Sri Lanka','ODI, T20','2024-10-13',6,9009),('Rwanda tour of Malawi 2024','Malawi','T20','2024-10-09',5,9057),('England tour of Pakistan, 2024','Pakistan','TEST','2024-10-07',3,8497),('Serbia tour of Gibraltar, 2024','Gibraltar','T20','2024-09-30',2,9017),('Namibia T20I Tri-Series 2024','Namibia','T20','2024-09-29',6,8947),('ICC Mens T20 World Cup Sub Regional East Asia-Pacific Qualifier B, 2024','Asia','T20','2024-09-28',12,8598),('Canada T20I Tri-Series 2024','Canada','T20','2024-09-28',6,8955),('Ireland v South Africa in UAE, 2024','UAE','ODI, T20','2024-09-26',5,7981),('T20I Tri-Series in South Korea, 2024','South Korea','T20','2024-09-25',2,8969),('ICC Mens T20 World Cup Africa Sub Regional Qualifier A 2024','Africa','T20','2024-09-21',15,8835),('Bangladesh tour of India, 2024','India','T20, TEST','2024-09-19',5,8393),('New Zealand tour of Sri Lanka, 2024','Sri Lanka','TEST','2024-09-18',2,8818),('Afghanistan v South Africa in UAE, 2024','UAE','ODI','2024-09-18',3,8661),('Australia tour of England, 2024','England','ODI, T20','2024-09-11',8,6794),('Afghanistan v New Zealand in India, 2024','India','TEST','2024-09-09',1,8625),('Australia tour of Scotland, 2024','Scotland','T20','2024-09-04',3,8552),('ICC Mens T20 World Cup Asia Qualifier A 2024','Asia','T20','2024-08-30',21,8764),('Netherlands T20I Tri-Series, 2024','Netherlands','T20','2024-08-23',6,8632),('ICC Mens T20 World Cup Sub Regional Europe Qualifier C, 2024','Europe','T20','2024-08-21',24,8596),('Bangladesh tour of Pakistan, 2024','Pakistan','TEST','2024-08-21',2,8495),('Malaysia T20I Tri Nations Cup, 2024','Malaysia','T20','2024-08-21',7,8686),('ICC Mens T20 World Cup Sub Regional East Asia-Pacific Qualifier A, 2024','Asia','T20','2024-08-17',12,8587),('Sri Lanka tour of England, 2024','England','TEST','2024-08-14',4,6787),('Spain tour of Croatia, 2024','Croatia','T20','2024-08-02',5,8578),('South Africa tour of West Indies, 2024','West Indies','T20, TEST','2024-07-31',6,8238),('India tour of Sri Lanka, 2024','Sri Lanka','ODI, T20','2024-07-27',6,8528),('Zimbabwe tour of Ireland, 2024','Ireland','TEST','2024-07-25',1,7979),('Nigeria tour of Kenya 2024','Kenya','T20','2024-07-12',5,8476),('ICC Mens T20 World Cup Sub Regional Europe Qualifier B, 2024','Europe','T20','2024-07-07',22,8337),('India tour of Zimbabwe, 2024','Zimbabwe','T20','2024-07-06',5,7546),('West Indies tour of England, 2024','England','TEST','2024-07-03',4,6780),('Serbia tour of Slovenia, 2024','Slovenia','T20','2024-06-29',3,8422),('Kenya Quadrangular Cup 2024','Kenya','T20','2024-06-28',20,8382),('Jersey tour of Guernsey, 2024','Guernsey','T20','2024-06-22',3,8413),('Estonia tour of Cyprus 2024','Cyprus','T20','2024-06-17',6,8310),('Jersey tour of Denmark, 2024','Denmark','T20','2024-06-15',3,8260),('Nordic T20I Cup 2024','Nordic','T20','2024-06-14',3,8332),('ICC Mens T20 World Cup Sub Regional Europe Qualifier A, 2024','Europe','T20','2024-06-09',24,8256),('Guernsey tour of Belgium, 2024','Belgium','T20','2024-06-08',4,8294),('ICC Mens T20 World Cup 2024','USA, West Indies','T20','2024-06-01',55,7476),('Belgium tour of Austria, 2024','Austria','T20','2024-05-25',4,8247),('Continental Cup 2024','Romania','T20','2024-05-24',8,8166),('South Africa tour of West Indies, 2024','West Indies','T20','2024-05-23',3,8103),('Pakistan tour of England, 2024','England','T20','2024-05-22',4,6773),('Bangladesh tour of USA, 2024','USA','T20','2024-05-21',3,7700),('Netherlands T20I Tri-Series, 2024','Netherlands','T20','2024-05-18',6,7819),('Pakistan tour of Ireland, 2024','Ireland','T20','2024-05-10',3,7808),('Mdina Cup 2024','Mdina','T20','2024-05-09',7,8080),('Mongolia tour of Japan, 2024','Japan','T20','2024-05-07',7,7896),('Zimbabwe tour of Bangladesh, 2024','Bangladesh','T20','2024-05-03',5,7706),('Thailand tour of Indonesia 2024','Indonesia','T20','2024-05-01',5,8042),('New Zealand tour of Pakistan, 2024','Pakistan','T20','2024-04-18',5,7679),('Jersey tour of Spain, 2024','Spain','T20','2024-04-14',2,7817),('ACC Mens T20I Premier Cup, 2024','Oman','T20','2024-04-12',24,7667),('Central American Cricket Championships 2024','Costa Rica','T20','2024-04-11',5,7900),('Canada tour of USA, 2024','USA','T20','2024-04-07',5,7693),('Namibia tour of Oman, 2024','Oman','T20','2024-04-01',5,7727),('Lesotho tour of Eswatini, 2024','Eswatini','T20','2024-03-29',5,7790),('Mens African Games, 2024','Africa','T20','2024-03-17',16,7672),('Papua New Guinea tour of Malaysia, 2024','Malaysia','T20','2024-03-16',2,7686),('Scotland tour of United Arab Emirates 2024','UAE','T20','2024-03-11',3,7590),('Hong Kong T20I Tri-Series, 2024','Hong Kong','T20','2024-03-10',5,7644),('Hong Kong Friendship Cup, 2024','Hong Kong','T20','2024-03-09',1,7637),('Malaysia Open T20I Championship, 2024','Malaysia','T20','2024-03-05',12,7586),('Sri Lanka tour of Bangladesh, 2024','Bangladesh','ODI, T20, TEST','2024-03-04',8,7534),('Papua New Guinea tour of Oman 2024','Oman','ODI, T20','2024-03-03',5,7623),('Afghanistan v Ireland in UAE, 2024','UAE','ODI, T20, TEST','2024-02-28',7,7485),('Hong Kong tour of Qatar 2024','Qatar','T20','2024-02-27',3,7618),('Nepal T20I Tri-Series 2024','Nepal','T20','2024-02-27',7,7583),('Australia tour of New Zealand, 2024','New Zealand','T20, TEST','2024-02-21',5,6899),('ICC Cricket World Cup League Two 2023-27','Europe','ODI','2024-02-15',85,7572),('East Asia Cup 2024','Asia','T20','2024-02-14',7,7558),('Quadrangular Twenty20 Series in Thailand 2024','Thailand','T20','2024-02-12',8,7579),('Canada tour of Nepal, 2024','Nepal','ODI','2024-02-08',3,7553),('Afghanistan tour of Sri Lanka, 2024','Sri Lanka','ODI, T20, TEST','2024-02-02',7,7481),('South Africa tour of New Zealand, 2024','New Zealand','TEST','2024-01-29',3,6892),('ACC Mens T20I Challenger Cup 2024','Oman','T20','2024-01-27',22,7511),('England tour of India, 2024','India','TEST','2024-01-25',5,6927),('Pakistan tour of New Zealand, 2024','New Zealand','T20','2024-01-12',5,6885),('Afghanistan tour of India, 2024','India','T20','2024-01-11',3,6920),('West Indies tour of Australia, 2024','Australia','ODI, T20, TEST','2024-01-10',9,6297),('Zimbabwe tour of Sri Lanka 2024','Sri Lanka','ODI, T20','2024-01-06',6,7411);
/*!40000 ALTER TABLE `series_2024` ENABLE KEYS */;
UNLOCK TABLES;

--
-- Table structure for table `series_archive`
--

DROP TABLE IF EXISTS `series_archive`;
/*!40101 SET @saved_cs_client     = @@character_set_client */;
/*!50503 SET character_set_client = utf8mb4 */;
CREATE TABLE `series_archive` (
  `series_id` int NOT NULL,
  `series_name` text,
  PRIMARY KEY (`series_id`)
) ENGINE=InnoDB DEFAULT CHARSET=utf8mb4 COLLATE=utf8mb4_0900_ai_ci;
/*!40101 SET character_set_client = @saved_cs_client */;

--
-- Dumping data for table `series_archive`
--

LOCK TABLES `series_archive` WRITE;
/*!40000 ALTER TABLE `series_archive` DISABLE KEYS */;
INSERT INTO `series_archive` VALUES (8788,'South Africa tour of England, 2025'),(9399,'Pakistan tour of West Indies, 2025'),(9584,'New Zealand tour of Zimbabwe, 2025'),(9602,'South Africa tour of Australia, 2025'),(10267,'Sri Lanka tour of Zimbabwe, 2025'),(10465,'Switzerland tour of Estonia, 2025'),(10498,'Budapest Cup, 2025'),(10587,'Asia Cup 2025'),(10598,'Cyprus tour of Croatia 2025'),(10609,'Viking Cup 2025'),(10642,'United Arab Emirates T20I Tri-Series 2025'),(10647,'Netherlands tour of Bangladesh 2025'),(10658,'Norway T20I Tri-Series 2025'),(10713,'Papua New Guinea tour of Guernsey 2025'),(10719,'Czech Republic tour of Romania 2025'),(10746,'Belgium tour of Austria 2025'),(10790,'Eastern Europe Cup 2025'),(10801,'Switzerland tour of Guernsey, 2025'),(10812,'Sweden tour of Isle Of Man 2025');
/*!40000 ALTER TABLE `series_archive` ENABLE KEYS */;
UNLOCK TABLES;

--
-- Table structure for table `venue`
--

DROP TABLE IF EXISTS `venue`;
/*!40101 SET @saved_cs_client     = @@character_set_client */;
/*!50503 SET character_set_client = utf8mb4 */;
CREATE TABLE `venue` (
  `venue` text,
  `city` text,
  `country` text,
  `capacity` text
) ENGINE=InnoDB DEFAULT CHARSET=utf8mb4 COLLATE=utf8mb4_0900_ai_ci;
/*!40101 SET character_set_client = @saved_cs_client */;

--
-- Dumping data for table `venue`
--

LOCK TABLES `venue` WRITE;
/*!40000 ALTER TABLE `venue` DISABLE KEYS */;
INSERT INTO `venue` VALUES ('Punjab Cricket Association IS Bindra Stadium','Mohali','India','30000'),('Nehru Stadium','Kochi','India','60000'),('Keenan Stadium','Jamshedpur','India','19000'),('Narendra Modi Stadium','Ahmedabad','India','132000'),('Arun Jaitley Stadium','Delhi','India','48000'),('Newlands','Cape Town','South Africa','25000'),('Bourda','Georgetown, Guyana','West Indies','25000'),('Queen\'s Park Oval','Port of Spain, Trinidad','West Indies','25000'),('Kensington Oval','Bridgetown, Barbados','West Indies','28000'),('Antigua Recreation Ground','St John\'s, Antigua','West Indies','9000'),('Sabina Park','Kingston, Jamaica','West Indies','20000'),('Arnos Vale Ground','Kingstown, St Vincent','West Indies','18000'),('Riverside Ground','Chester-le-Street','England','5000 (17000 for internationals)'),('Sophia Gardens','Cardiff','Wales','5500 (15000 after redevelopment)'),('County Ground','Bristol','England','7000 (15000 ODIs)'),('Durham University Ground','Durham','England','8500'),('Emirates Old Trafford','Manchester','England','19000'),('Headingley','Leeds','England','17000'),('St Lawrence Ground','Canterbury','England','15000'),('Asgiriya Stadium','Kandy','Sri Lanka','10300'),('Harare Sports Club','Harare','Zimbabwe','10000'),('Lord\'s','London','England','52000'),('The Rose Bowl','Southampton','England','35000'),('Sophia Gardens','Cardiff','England','15000'),('Trent Bridge','Nottingham','England','15000'),('Marrara Cricket Ground','Darwin','Australia','5000'),('Cazaly\'s Stadium','Cairns','Australia','5000'),('Great Barrier Reef Arena','Mackay','Australia','5000'),('Adelaide Oval','Adelaide','Australia','60000'),('Melbourne Cricket Ground','Melbourne','Australia','75000');
/*!40000 ALTER TABLE `venue` ENABLE KEYS */;
UNLOCK TABLES;
/*!40103 SET TIME_ZONE=@OLD_TIME_ZONE */;

/*!40101 SET SQL_MODE=@OLD_SQL_MODE */;
/*!40014 SET FOREIGN_KEY_CHECKS=@OLD_FOREIGN_KEY_CHECKS */;
/*!40014 SET UNIQUE_CHECKS=@OLD_UNIQUE_CHECKS */;
/*!40101 SET CHARACTER_SET_CLIENT=@OLD_CHARACTER_SET_CLIENT */;
/*!40101 SET CHARACTER_SET_RESULTS=@OLD_CHARACTER_SET_RESULTS */;
/*!40101 SET COLLATION_CONNECTION=@OLD_COLLATION_CONNECTION */;
/*!40111 SET SQL_NOTES=@OLD_SQL_NOTES */;

-- Dump completed on 2025-09-12 14:56:05
